Olympic/Non Olympic/Adaptive (O/N/A),Event ,Finish Position,Country,Boat Manufacturer,Model Number,Rigger Type,stern/bow mounted,Backstay,Position in Boat,Span (cm) Scull,Spread (cm)Sweep,Oar Manufacturer,Model,Shaft type and flex,Overall Oar Length (cm),Oar Inboard Length (cm),Oar Outboard Length (cm),Blade Shape,Blade Length (cm),Blade Width,Vortex Edge,Distance Through Work (cm),Line of Work Heels (cm),Line of Work - Toes (cm),Foot Stretcher Angle (deg),Swivel above Seat (cm) starboard scull,Swivel above Seat (cm) portside scull,Swivel above Seat (cm) Sweep,Seat above Heels (cm),Pitch (deg) starboard swivel,Pitch (deg) portside swivel,Pitch (deg) Sweep swivel,Measurement Date
O,W1x,1,SUI,Empacher,X17,Carbon wing,Bow,No,1,158.5,,C2,Skinny,Soft,285.5,85,200.5,SM2P,46,21.5,No,14.5,34,40,17,16,,14,4.0,4.0,,,
O,W1x,2,GBR,Empacher,X16,Carbon wing,Bow,No,,,,C2,Skinny,Med,286,88.5,197.5,SM2P,46,21.5,No,,,40,18,17,,,,,,,
O,W1x,3,AUT,Empacher,X17,Carbon wing,Bow,No,1,159.5,,C2,Skinny,Soft,287,87.5,199.5,SM2P,46,21.5,No,19.5,38.8,44.5,14.5,13,,15.5,3.6,5.0,,,
O,W1x,4,IRL,Empacher,X17,Carbon wing,Bow,No,1,160.2,,C2,,Med,287,88.5,198.5,SM2P,46,21.5,No,12.5,36.5,42.2,16.5,15.5,,14.5,3.5,3.9,,,
O,W1x,5,NED,Empacher,,Carbon wing,Stern,Yes,1,159.5,,C2,Skinny,Med,287,88,199,SM2P,46,21.5,No,,34.5,39,16.8,15.3,,14.3,4.5,4.5,,,
O,W1x,6,CAN,Hudson,U21,Carbon wing,Bow,No,1,160.5,,Croker,S39,Soft,287,88.5,198.5,,44,21.5,No,21,38,44.5,15.5,14,,18.5,4.8,4.0,,,
O,W1x,7,USA,Empacher,X15,Carbon wing,Bow,No,1,160,,Croker,Slick40,S4,286.5,88,198.5,,44,21.5,No,17.4,31,44.2,16.4,15.6,,15.1,6.4,5.8,,,
O,W1x,8,NZL,Filippi,,Carbon wing,Bow,No,1,,,C2,,,,,,,,,,,,,,,,,,,,,
O,W1x,9,DEN,Empacher,C15,Carbon wing,Stern,Yes,1,,,C2,Skinny,Med,285,87.5,197.5,SM2P,46,21.5,No,17,40,44,19,17,,16,5.0,4.5,,,
O,W1x,10,GER,Empacher,X17,Carbon wing,Bow,No,1,160.5,,C2,Skinny,Soft,275.5,87.5,188,Fatty2,46,23,Yes,17.5,33,42.5,15,14.5,,14,4.2,4.1,,,
O,W1x,11,ESP,Empacher,X17,Carbon wing,Bow,No,1,160,,Croker,S39,Soft,287,89,198,Smooth,44,21.5,No,18,38,43,16,15.5,,15,5.5,5.0,,,
O,W1x,12,CZE,Filippi,F15,Carbon wing,Bow,No,1,160,,C2,Skinny,Soft,286.5,88,198.5,SM2P,46,21.5,No,16.5,34.5,43.3,17,5.5,,15.5,1.8,1.0,,,
O,W1x,13,CHN,Empacher,X17,Carbon wing,Bow,No,1,159.5,,C2,,Med,288.5,88,200.5,SM2P,,,No,,,42,17.4,,,,,,,,
O,W1x,14,NOR,Empacher,X11,Carbon wing,Bow,No,1,,,,,,,,,,,,,,,,,,,,,,,,
O,W1x,15,LAT,Filippi,F50,Carbon wing,Bow,No,1,160,,C2,,Med,286.5,88,198.5,SM2P,46,21.5,Yes,14,34.5,40,16.5,15.5,,14.5,5.8,5.6,,,
O,W1x,16,FIN,Filippi,F50,Carbon wing,Bow,No,1,158.5,,C2,,Med,285,88,197,SM2,46,21.5,Yes,13,40.5,43,16.5,15.5,,14.5,3.9,7.1,,,
O,W1x,17,TTO,Fluid Design,160 lb,Aluminum,Bow,No,1,160,,C2,Skinny,Med,281.5,88.7,192.8,Fatty2,46,23,Yes,17,33,41,16,15,,15,4.0,4.0,,,
O,W1x,18,KOR,Filippi,F15,Carbon wing,Bow,No,1,159,,C2,Skinny,Soft,286,87.5,198.5,SM2P,46,21.5,,15,34,40.5,17,15.5,,14,6.4,6.4,,,
O,W1x,19,UKR,Hudson,U1.21,Carbon wing,Bow,,1,160,,Braca,Ultralight,Nano,288,89,199,DWB,45,21,,15,37,46.6*,17,16,,16.5,5.1,3.1,,,
O,W1x,20,PAR,Filippi,F15,Aluminum,Bow,No,1,159,,C2,Skinny,Med,287,88,199,SM2P,46,21.5,No,10.0,30.0,44.0,15.5,14.8,,15.0,4.0,4.0,,,
O,W1x,21,BAH,Fluid Design,Midweight,Aluminum,Bow,No,1,160,,C2,SM2P,Med,287,88,199,SM2P,46,21.5,No,12.0,34.0,40.0,15.9,15.2,,17.0,4.0,4.0,,,
O,W1x,22,MAR,Hudson,S1.31,Carbon wing,Bow,No,1,159,,C2,Skinny,Med,286,88,198,SM2,46,21.5,Yes,21.0,28.0,40.5,16.0,15.0,,15.0,4.5,4.5,,,
O,M1X,1,CZE,Empacher,X11,Carbon wing,Bow,No,1,160.2,,C2,Standard,Med,289,88.5,200.5,SM2P,46,21.5,No,19.5,48.5,44,18,17.3,,16.5,4.2,4.2,,,
O,M1X,2,CUB,Filippi,F39,Carbon wing,Bow,No,1,160,,C2,Skinny,Med,292,89,203,SM2P,46,21.5,No,14,42,42,17,16.5,,18,4.0,4.0,,,
O,M1X,3,GBR,Empacher,X10,Carbon wing,Bow,No,1,,,C2,Skinny,Med,289,89,200,SM2P,46,21.5,No,23,44.5,42,19,18,,17,4.0,4.0,,,
O,M1X,4,CRO,Empacher,X11,Carbon wing,Bow,No,1,160.5,,C2,,Med,289,89,200,SM2P,46,21.5,No,6.5,37.5,43.8,18.5,17,,17.5,4.5,3.9,,,
O,M1X,5,NZL,Filippi,F14,Carbon wing,Bow,No,1,159,,C2,LI Skinny,Med,289,88.5,200.5,SM2P,46,21.5,No,4,47.5,45,17.7,16.5,,17.5,5.0,5.0,,,
O,M1X,6,GER,Filippi,F45,Carbon wing,Bow,No,1,157.5,,Croker,S39,,289.5,89,200.5,,43.5,21.5,No,11,32,44.5,16,15.5,,15,4.0,4.1,,,
O,M1X,7,POL,Filippi,F39,Carbon wing,Bow,No,1,161,,C2,Skinny,Skinny,288.5,89,199.5,SM2P,46,21.5,No,12.5,44.5,42.4,19.6,16.6,,22,5.2,5.0,,,
O,M1X,8,SRB,Filippi,F14,Carbon wing,Bow,No,1,161,,C2,,,289,89,200,,46,21.5,No,18,39,37.3,15.5,14.5,,18,4.0,5.0,,,
O,M1X,9,SUI,Empacher,X10,Carbon wing,Bow,No,1,160,,C2,Skinny,Med,289,88,201,SM2P,46,21.5,No,,,,,,,,,,,,
O,M1X,10,RUS,Empacher,X10,Carbon wing,Bow,No,1,160.5,,C2,Skinny,Med,288.5,88,200.5,SM2P,46,21.5,No,14.5,60,42,19,18,,16.5,4.0,4.0,,,
O,M1X,11,NED,Empacher,,Carbon wing,Bow,No,1,160,,C2,Skinny,,289,88,201,,46,21.5,No,,,,19,18.5,,,,,,,
O,M1X,12,DEN,Filippi,F14,Carbon wing,Bow,No,1,159,,C2,Skinny,Med,288.5,87.5,201,SM2P,46,21.5,No,12.2,35.7,39.2,18.2,16.4,,18.4,3.0,3.1,,,
O,M1X,13,FRA,Empacher,,Carbon wing,,,1,160,,C2,skinny,,289,89,200,,,,No,,,42,17.4,,,,,,,,
O,M1X,14,BLR,Empacher,X11,Carbon wing,Bow,No,1,160,,C2,SM2P,Med,290.5,88,202.5,SM2P,46,21.5,No,13.5,41.5,43.7,19.5,17.8,,17,5.3,5.0,,,
O,M1X,15,RSA,Filippi,F45,Carbon wing,Bow,No,1,160,,C2,Skinny,Med,288,88.5,199.5,SM2P,46,21.5,No,11.5,37.5,41,18.5,17.5,,19.5,3.5,2.8,,,
O,M1X,16,FIN,Empacher,X10,Carbon wing,Bow,No,1,160,,C2,SM2P,Med,287.5,88.5,199,SM2P,46,21.5,Yes,11.5,40.5,41.5,18.5,17,,16.5,4.5,5.0,,,
O,M1X,17,ARG,Empacher,X08,Carbon wing,Bow,No,1,159,,C2,Skinny,Med,288,88.5,199.5,SM2P,46,21.5,N,9,36,42.7,16.5,15,,14.5,5.0,5.0,,,
O,M1X,18,JPN,Filippi,F45,Carbon wing,Bow,No,1,159,,C2,Skinny,Med,288,88,200,SM2P,46,21.5,No,15,32,41.4,17,16,,16,5.8,7.6,,,
O,M1X,19,USA,Empacher,X11,Carbon wing,Bow,No,1,,,C2,Skinny,Med,,,,,,,No,,,,,,,,,,,,
O,M1X,20,MEX,Empacher,X11,Carbon wing,Bow,No,1,161,,C2,Skinny,Med,289,87.5,201.5,SM2P,46,21.5,No,11.0,39.5,40.2,18.3,17.5,,18.3,6.5,6.5,,,
O,M1X,21,KOR,Filippi,F14,Carbon wing,Bow,No,1,160,,C2,Skinny,Med,289,89,200,SM2P,46,21.5,No,16.0,37.5,42.5,19.0,18.0,,16.0,5.6,5.0,,,
O,M1X,22,SWE,Filippi,F39,Carbon wing,Bow,No,1,160.5,,C2,Skinny,?,288,88,200,SM2P,46,21.5,No,8.0,35.0,42.4,20.0,18.0,,15.5,4.0,4.0,,,
O,M1X,23,MON,Fluid Design,209lbs,Alum Wing,Bow,No,1,160,,C2,Skinny,Med,288.5,89,199.5,SM2P,46,21.5,No,15.5,38.0,38.5,17.0,16.5,,15.0,2.8,2.5,,,
O,M1X,24,BRA,Filippi,F22,Carbon wing,Bow,No,1,160,,C2,,Med,287.5,89,198.5,SM2P,46,21.5,Yes,15.2,36.8,42.0,16.5,15.5,,17.2,5.8,3.4,,,
O,M1X,25,ISR,Filippi,F14,Carbon wing,Bow,No,1,159.5,,C2,,Med,285.5,87.2,198.3,SM2P,46,21.5,No,12.5,41.5,40.2,18.2,17.6,,14.0,3.8,4.5,,,
O,M1X,26,ITA,Filippi,F14,Carbon wing,Bow,No,1,161,,C2,,Med,287.5,89,198.5,SM2P,46,21.5,No,15.5,39.0,41.3,17.5,17.0,,17.5,4.0,7.8,,,
O,M1X,27,ESP,Filippi,F14,Carbon wing,Bow,No,1,159.5,,C2,Skinny,Med,289,88.5,200.5,SM2P,46,21.5,No,15.0,34.0,41.0,15.0,13.5,,19.3,3.6,2.7,,,
O,M1X,28,UKR,Hudson,U1.42,Carbon wing,Bow,No,1,159,,Croker,S4,,288,87.5,200.5,,44,21.5,No,21.5,40.5,43.0,18.5,17.0,,18.0,4.4,4.5,,,
O,M1X,29,ZIM,Hudson,S1.31,Alum Wing,Bow,No,1,160,,C2,SM2P,Med,288,88,200,SM2P,46,21.5,No,16.0,32.5,41.5,16.8,15.0,,14.5,5.5,5.1,,,
O,M1X,30,PAR,Filippi,F14,Carbon wing,Bow,No,1,159.5,,C2,,Med flex,288.5,89,199.5,SM2,46,21.5,Yes,13.0,37.5,43.0,16.1,14.9,,17.0,4.0,4.0,,,
O,M1X,31,PUR,Fili,F22,Carbon wing,Stern,no,1,162,,C2,skinny,med flex,291,91,200,SM2P,46,21.5,No,19.0,43.5,43.0,5.0,5.0,,16.5,5.0,5.0,,,
O,M1X,32,CHN,Hudson,U1.42,Carbon wing,Bow,No,1,160,,C2,SM2P,Med,290,88,202,SM2P,46,21.5,No,13.0,40.0,41.8,18.5,17.0,,17.5,5.4,6.0,,,
O,M1X,33,TUN,Filippi,F01,Alum Wing,Stern,Yes,1,160,,C2,,Med,288,88.5,199.5,Sm2P,46,21.5,No,14.5,35.0,40.0,18.0,17.0,,13.5,4.0,4.0,,,
O,M1X,34,BEN,Empacher,X08,Carbon wing,Bow,No,1,160,,C2,Skinny,Med,287,87,200,SM2P,46,21.5,No,15.5,31.5,41.0,16.5,15.5,,17.0,4.0,4.0,,,
O,M1X,35,ESA,Hudson,U1.31,Carbon wing,Bow,No,1,159.5,,C2,,Med,287,88,199,SM2P,46,21.5,Yes,17.0,33.5,44.0,14.2,13.0,,17.5,4.0,4.0,,,
O,M1X,36,AZE,Empacher,X11,Carbon wing,Bow,No,1,160.9,,Croker,S39,Soft,288.5,88,200.5,,44,21.5,No,9.5,38.0,44.0,17.7,15.6,,15.0,7.1,9.3,,,
O,M1X,37,UZB,Hudson,S1.31,Alum Wing,Bow,No,1,159.5,,C2,Sm2,Med,286.5,86,200.5,SM2,46,21.5,Yes,18.0,34.0,43.0,16.5,15.8,,15.5,4.3,4.0,,,
O,M1X,38,SAM,Filippi,F39,Carbon wing,Bow,No,1,161,,Croker,Slick40,S4,288,88,200,S4,44,21.5,No,11.0,35.0,44.0,20.5,18.5,,20.0,4.0,4.0,,,
O,M1X,39,VIN,Hudson,S1.31,Alum Wing,Bow,No,1,159.5,,C2,,Med,287,88,199,SM2,46,21.5,Yes,15.5,36.5,42.0,15.5,15.2,,15.5,4.0,4.0,,,
O,M1X,40,BAH,Fluid Design,,Alum Wing,Bow,no,1,160,,C2,Smoothie2,med,287,87,200,SM2P,46,21.5,No,16.0,30.0,40.0,18.5,17.8,,18.0,4.0,4.0,,,
O,W2-,1,NZL,Filippi,F13,Alum wing,Stern,Yes,1,86.0,,C2,low i,Soft,372,116,256,SM2P,54.5,25.5,No,19,35,57.5,42,,,16.5,18,,,4,
,,,,,,,,Yes,2,86.0,,C2,low i,Soft,372,116,256,SM2P,,,No,19,35,52,42,,,16.5,17,,,4,
,,,,,,,,,,,,,,,,,,,,,,,,,,,,,,,,,
,,,,,,,,,,,,,,,,,,,,,,,,,,,,,,,,,
O,W2-,2,USA,Empacher,C34,Carbon wing,Stern,Yes,1,86.5,,Croker,M4,Soft,372,116,256,Smooth,55,25,No,12,39,,42,,,18,18,,,4,
,,,,,,,,,2,86.5,,Croker,M4,Soft,372,116,256,Smooth,55,25,No,12,42,,42,,,18,19,,,,
,,,,,,,,,,,,,,,,,,,,,,,,,,,,,,,,,
O,W2-,3,DEN,Filippi,F30,Carbon wing,Stern,Yes,1,85.7,,C2,Skinny,Med,373.3,115.5,257.8,SM2P,54.5,25.5,No,,44.2,58,44.6,,,18.1,19.6,,,2.5,
,,,,,,,,,2,85.7,,C2,Skinny,Med,373.3,115.5,257.8,SM2P,54.5,25.5,No,,41.7,59,41.4,,,17.5,21.5,,,2.5,
,,,,,,,,,,,,,,,,,,,,,,,,,,,,,,,,,
O,W2-,4,GBR,Empacher,C34,Carbon Wing,Bow,Yes,1,87.0,,C2,Skinny,Med,373,117,256,SM2P,54.5,25.5,No,17,35,57,43,,,16,19,,,4,
,,,,,,,,,2,87.0,,C2,Skinny,Med,373,117,256,SM2P,54.5,25.5,No,16,34,57,46,,,16,19,,,4,
,,,,,,,,,,,,,,,,,,,,,,,,,,,,,,,,,
,,,,,,,,,,,,,,,,,,,,,,,,,,,,,,,,,
O,W2-,5,ESP,Filippi,F13,Alum wing,Stern,Yes,1,86.0,,C2,Skinny,Soft,372,116,256,SM2P,54.5,25.5,No,13.5,31,,42.5,,,15.4,17.5,,,5.8,
,,,,,,,,,2,86.0,,C2,Skinny,Soft,372,116,256,SM2P,54.5,25.5,No,17,30,,42.5,,,16.5,15,,,5.0,
,,,,,,,,,,,,,,,,,,,,,,,,,,,,,,,,,
,,,,,,,,,,,,,,,,,,,,,,,,,,,,,,,,,
O,W2-,6,GER,Empacher,C34,Carbon wing,Stern,Yes,1,86.5,,C2,Skinny,Med,373,117,256,SM2P,54.5,25.5,No,13.5,34,,43.2,,,14.7,19,,,3.4,
,,,,,,,,,2,87.0,,C2,Skinny,Med,373,117,256,SM2P,54.5,25.5,No,15.5,34,,41.1,,,14,19.5,,,3.7,
,,,,,,,,,,,,,,,,,,,,,,,,,,,,,,,,,
O,W2-,7,ITA,Filippi,F13,Alum wing,Stern,Yes,1,87.0,,C2,Skinny,Soft,371,116,255,SM2P,54.5,25.5,No,12,40,,44,,,15.7,18.6,,,5.6,
,,,,,,,,,2,86.5,,C2,Skinny,Soft,371,116.5,254.5,SM2P,54.5,25.5,No,13,37,,43,,,13.7,18,,,6,
,,,,,,,,,,,,,,,,,,,,,,,,,,,,,,,,,
O,W2-,8,IRL,Filippi,,Alum wing,Stern,Yes,1,,,Croker,Arrow,Soft,373.5,116,257.5,Smooth,55,25,No,,,,,,,,,,,,
,,,,,,,,,2,,,Croker,Arrow,Soft,373,116,257,Smooth,55,25,No,,,,,,,,,,,,
,,,,,,,,,,,,,,,,,,,,,,,,,,,,,,,,,
,,,,,,,,,,,,,,,,,,,,,,,,,,,,,,,,,
O,W2-,9,SRB,Empacher,C36,Carbon Wing,Stern,Yes,1,86.5,,Croker,M4,Soft,373,116.5,256.5,Smooth,55,25,No,16,39,,41.8,,,16.5,15.5,,,3.5,
,,,,,,,,,2,86.5,,Croker,M4,Soft,373,116.5,256.5,Smooth,55,25,No,17,35.5,,43.8,,,16,16,,,5.2,
,,,,,,,,,,,,,,,,,,,,,,,,,,,,,,,,,
O,W2-,10,CHN,Empacher,C34,Carbon Wing,Stern,Yes,1,86.0,,C2,Skinny,,373,116.5,256.5,SM2P,54.5,25.5,No,18,39,,40.8,,,16.5,19.5,,,5.0,*+3 deg on blade
,,,,,,,,,2,86.0,,C2,Skinny,,373.5,116.5,257,SM2P,54.5,25.5,No,18,37,,43.3,,,16.5,20,,,3.9,*+3 deg on blade
,,,,,,,,,,,,,,,,,,,,,,,,,,,,,,,,,
,,,,,,,,,,,,,,,,,,,,,,,,,,,,,,,,,
O,W2-,11,MEX,Filippi,F13,Alum wing,Stern,Yes,1,86.3,,C2,Standard,Med,371,117,254,Big Blade,51.5,25.5,No,16.5,33,,44.1,,,16.5,17.5,,,7.0,
,,,,,,,,,2,86.0,,C2,Standard,Med,371,117.3,253.7,Big Blade,51.5,25.5,No,15,33,,45.6,,,16.5,17.5,,,6.3,
O,M2-,1,ITA,Filippi,F17,Carbon wing,Stern,Yes,1,86.5,,C2,,,375.5,117.5,258,SM2P,54.5,25.5,No,14,38.5,,41.4,,,19,20,,,4.1,
,,,,,,,,Yes,2,86.0,,C2,,,375.5,117,258.5,SM2P,,,No,15,40.5,,41.8,,,16.5,17.5,,,3.0,
,,,,,,,,,,,,,,,,,,,,,,,,,,,,,,,,,
,,,,,,,,,,,,,,,,,,,,,,,,,,,,,,,,,
O,M2-,2,CRO,Filippi,F17,Carbon wing,Stern,Yes,1,86.0,,Croker,M47,,374.5,114.5,260,Smooth,55,25,No,21,33,,44.2,,,17,20,,,4.0,
,,,,,,,,,2,86.0,,Croker,M47,,374.5,114.5,260,Smooth,55,25,No,12.5,36.5,,42.4,,,17,16.5,,,3.0,
,,,,,,,,,,,,,,,,,,,,,,,,,,,,,,,,,
O,M2-,3,NZL,Filippi,F17,Alum wing,Stern,Yes,1,86.0,,C2,low i,Med,375.5,116.2,259.3,SM2P,54.5,25.5,No,14,39,61,42.5,,,16.2,19.5,,,3.0,
,,,,,,,,,2,86.0,,C2,low i,Med,375.5,116.2,259.3,SM2P,54.5,25.5,No,16.5,37.5,58,42.5,,,15.9,18,,,3.0,
,,,,,,,,,,,,,,,,,,,,,,,,,,,,,,,,,
O,M2-,4,FRA,Empacher,C32,Carbon Wing,Stern,Yes,1,86.0,,C2,skinny,soft,376,116,260,SM2P,54.5,25.5,No,,,,42,,,17,,,,,
,,,,,,,,,2,86.0,,C2,skinny,soft,376,116,260,SM2P,54.5,25.5,No,,,,42,,,17,,,,,
,,,,,,,,,,,,,,,,,,,,,,,,,,,,,,,,,
,,,,,,,,,,,,,,,,,,,,,,,,,,,,,,,,,
,M2-,5,GBR,Empacher,C32,Carbon wing,Stern,Yes,1,86.0,,C2,Skinny,Med,377,116,261,SM2P,54.5,25.5,No,13.5,31,,43,,,19,19,,,4.0,
,,,,,,,,,2,86.0,,C2,Skinny,Med,377,116,261,SM2P,54.5,25.5,No,17,30,,43,,,19,19,,,4.0,
,,,,,,,,,,,,,,,,,,,,,,,,,,,,,,,,,
,,,,,,,,,,,,,,,,,,,,,,,,,,,,,,,,,
,M2-,6,SRB,Empacher,C32,Carbon wing,Stern,Yes,1,86.5,,C2,Standard,Med,375.5,116,259.5,SM2P,54.5,25.5,No,13,32,,42,,,18.5,20.5,,,6.1,
,,,,,,,,,2,86.3,,C2,Standard,Med,375.5,116,259.5,SM2P,54.5,25.5,No,14,38,,43,,,16,20,,,4.5,
,,,,,,,,,,,,,,,,,,,,,,,,,,,,,,,,,
,M2-,7,ROU,Filippi,F17,Carbon wing,Stern,Yes,1,85.5,,C2,Skinny,Med,375.5,115.5,260,SM2P,54.5,25.5,No,8.5,,62,42,,,17.5,18,,,4.0,
,,,,,,,,,2,85.5,,C2,Skinny,Med,375.5,115.5,260,SM2P,54.5,25.5,No,8.5,,78,42,,,17,17,,,4.0,
,,,,,,,,,,,,,,,,,,,,,,,,,,,,,,,,,
,M2-,8,CZE,Empacher,R32,Carbon wing,Stern,Yes,1,86.0,,C2,Standard,Med,376,116,260,SM2P,54.5,25.5,No,12.5,35,,41.3,,,18.5,20.5,,,3.3,
,,,,,,,,,2,86.0,,C2,Standard,Med,376,116,260,SM2P,54.5,25.5,No,11.5,32.5,,39.8,,,17,18.5,,,4.0,
,,,,,,,,,,,,,,,,,,,,,,,,,,,,,,,,,
,,,,,,,,,,,,,,,,,,,,,,,,,,,,,,,,,
,M2-,9,ESP,Filippi,F17,Carbon Wing,Stern,Yes,1,86.0,,C2,Skinny,Med,375,116,259,SM2P,54.5,25.5,No,21.5,37,,43.3,,,16.5,18,,,5.1,
,,,,,,,,,2,86.5,,c2,Skinny,Med,375.5,116,259.5,SM2P,54.5,25.5,No,19.5,38,,42.7,,,17.5,20,,,5.5,
,,,,,,,,,,,,,,,,,,,,,,,,,,,,,,,,,
,M2-,10,BLR,Filippi,F17,Carbon Wing,Stern,Yes,1,86.5,,C2,Skinny,Med,377,116,261,SM2P,54.5,25.5,No,15.5,40.5,,41,,,18,19,,,5.8,
,,,,,,,,,2,86.0,,C2,Skinny,Med,377,116,261,SM2P,54.5,25.5,No,16.5,39.5,,41.7,,,19,19.5,,,6.1,
,,,,,,,,,,,,,,,,,,,,,,,,,,,,,,,,,
,,,,,,,,,,,,,,,,,,,,,,,,,,,,,,,,,
,M2-,11,USA,Empacher,C32,Carbon wing,Stern,Yes,1,85.8,,C2,Skinny,Med,376.3,117.5,258.8,SM2P,54.5,25.5,No,16,33,,44.8,,,17.5,19.5,,,3.9,
,,,,,,,,,2,86.5,,C2,Skinny,Med,376.5,117.4,259.1,SM2P,54.5,25.5,No,16,36,,44,,,18.5,19.5,,,4.8,
,,,,,,,,,,,,,,,,,,,,,,,,,,,,,,,,,
,M2-,12,TUR,Empacher,R32,Alum wing,Stern,Yes,1,86.0,,C2,Standard,Med,375,116,259,SM2P,54.5,25.5,No,14.5,37,,42.5,,,16.5,21,,,4.0,
,,,,,,,,,2,86.0,,C2,Standard,Med,375,116,259,SM2P,54.5,25.5,No,16,37.5,,43.2,,,15.5,19.5,,,4.0,
,,,,,,,,,,,,,,,,,,,,,,,,,,,,,,,,,
,M2-,13,NED,Empacher,C32,Carbon wing,Stern,Yes,1,86.0,,C2,Standard,Med,376,116,260,SM2P,54.5,25.5,No,14.5,37,,42.5,,,16.5,21,,,4.0,
,,,,,,,,,2,86.0,,C2,Standard,Med,376,116,260,SM2P,54.5,25.5,No,16,37.5,,43.2,,,15.5,19.5,,,4.0,
,,,,,,,,,,,,,,,,,,,,,,,,,,,,,,,,,
,,,,,,,,,,,,,,,,,,,,,,,,,,,,,,,,,
,M2-,14,RSA,Filippi,F17,Carbon Wing,Stern,Yes,1,86.5,,C2,Skinny,Med,376,116.5,259.5,SM2P,54.5,25.5,No,8.5,32,,42,,,16,20,,,5.0,
,,,,,,,,,2,86.5,,C2,Skinny,Med,376.5,116.5,260,SM2P,54.5,25.5,No,9.5,34.5,,43,,,16,18,,,6.0,
,,,,,,,,,,,,,,,,,,,,,,,,,,,,,,,,,
,M2-,15,ARG,Empacher,,,Stern,Yes,1,86.0,,C2,Standard,Med,375,116,259,SM2P,54.5,25.5,No,13,34,,42.6,,,16.5,18,,,6.2,
,,,,,,,,,2,86.0,,C2,Standard,Med,375.5,116,259.5,SM2P,54.5,25.5,No,15,36,,41.4,,,16.5,19,,,7.2,
,,,,,,,,,,,,,,,,,,,,,,,,,,,,,,,,,
O,M2-,16,IRL,Filippi,F17,Alum wing,Stern,Yes,1,85.5,,Croker,M47 Arrow,,375,116,259,Smooth,55,25,No,15,41,,42.6,,,17.5,20,,,3.0,
,,,,,,,,,2,86.0,,Croker,M47 Arrow,,375.5,116,259.5,Smooth,55,25,No,17,39,,42.5,,,20,18,,,2.5,
,,,,,,,,,,,,,,,,,,,,,,,,,,,,,,,,,
,M2-,17,DEN,Filippi,F51,Carbon Wing,Stern,Yes,1,86.0,,C2,,Med,373.5,115,258.5,SM2P,54.5,25.5,No,19,44,,40,,,17.5,19.7,,,3.6,
,,,,,,,,,,,,,,,,,,,,,,,,,,,,,,,,,
,,,,,,,,,,,,,,,,,,,,,,,,,,,,,,,,,
O,M2x,1,NZL,Filippi,F17,Carbon wing,Bow,No,1,159.0,,C2,Skinny,Med,289,88.5,200.5,SM2P,46,21.5,No,16,40.5,59.2,45,18.8,17.8,,19.6,4.0,4.0,0,
,,,,,,,Bow,No,2,159.0,,C2,Skinny,Med,289,88.5,200.5,SM2P,46,21.5,No,17,40.3,59.4,45,19.2,18.2,,18.7,4.0,4.0,,
,,,,,,,,,,,,,,,,,,,,,,,,,,,,,,,,,
,,,,,,,,,,,,,,,,,,,,,,,,,,,,,,,,,
O,M2x,2,POL,Filippi,,Carbon wing,Bow,No,1,158.5,,C2,Skinny,Med,289,89.5,199.5,SM2P,46,21.5,No,15,38,,43,19,17.5,,16.5,7.0,6.0,,
,,,,,,,,,2,158.5,,C2,Skinny,Med,289,89.5,199.5,SM2P,46,21.5,No,19,41,,41,21,18.5,,16.5,6.0,6.0,,
,,,,,,,,,,,,,,,,,,,,,,,,,,,,,,,,,
O,M2x,3,ITA,Filippi,,Carbon wing,Bow,No,1,159.5,,C2,Skinny,Med,289,88.5,200.5,SM2P,46,21.5,No,7,39,,42,19.5,19,,19,7.0,6.0,,
,,,,,,,,,2,159.5,,C2,Skinny,Med,289,88.5,200.5,SM2P,46,21.5,No,12,40,,44,20.5,19.5,,18.5,5.0,5.0,,
,,,,,,,,,,,,,,,,,,,,,,,,,,,,,,,,,
O,M2x,4,LTU,Filippi,F17,Carbon Wing,Bow,No,1,159.0,,Croker,C39,Stiff,289,88,201,Smooth,46,21.5,No,,47,56.5,41,18.5,17.5,,18,3.0,3.0,,
,,,,,,,,,2,159.0,,Croker,C39,Stiff,289,88,201,Smooth,46,21.5,No,,49,64.5,42,20.5,19.5,,19,3.0,3.0,,
,,,,,,,,,,,,,,,,,,,,,,,,,,,,,,,,,
,,,,,,,,,,,,,,,,,,,,,,,,,,,,,,,,,
,M2x,5,NOR,Empacher,X22,Carbon wing,Bow,No,1,159.0,,C2,Skinny,Stiff,288.5,89.5,199,SM2P,46,21.5,No,14.3,36,,39,19.5,18.3,,16.3,4.0,4.0,,
,,,,,,,,,2,159.0,,C2,Skinny,Stiff,289,88.5,200.5,SM2P,46,21.5,No,17.3,34,,43,19,17.2,,18,4.0,4.0,,
,,,,,,,,,,,,,,,,,,,,,,,,,,,,,,,,,
,,,,,,,,,,,,,,,,,,,,,,,,,,,,,,,,,
,M2x,6,FRA,Filippi,,Carbon wing,Bow,No,1,160.0,,C2,Skinny,Med,290,88,202,SM2P,46,21.5,No,15,40,,42,17.5,16.5,,21.5,4.0,4.0,,
,,,,,,,,,2,160.0,,C2,Skinny,Med,290,88,202,SM2P,46,21.5,No,15,40,,41,18.8,17.8,,18,4.0,4.0,,
,,,,,,,,,,,,,,,,,,,,,,,,,,,,,,,,,
,M2x,7,GBR,Empacher,,Carbon wing,Bow,No,1,158.5,,C2,Skinny,Med,289,88,201,SM2P,46,21.5,No,12,36.5,,43,19.5,18.6,,20,4.0,4.0,,
,,,,,,,,,2,158.5,,C2,Skinny,Med,289,88,201,SM2P,46,21.5,No,12,36.5,,37*,19.4,18.4,,18,4.0,4.0,,
,,,,,,,,,,,,,,,,,,,,,,,,,,,,,,,,,
,M2x,8,SUI,Empacher,,Carbon wing,Bow,No,1,,,C2,Skinny,Med,,,,,,,,,,,,,,,,,,,
,,,,,,,,,2,,,C2,Skinny,Med,,,,,,,,,,,,,,,,,,,
,,,,,,,,,,,,,,,,,,,,,,,,,,,,,,,,,
,,,,,,,,,,,,,,,,,,,,,,,,,,,,,,,,,
,M2x,9,USA,Empacher,,Carbon wing,Bow,No,1,159.0,,C2,Skinny,Med,289,88,201,,,,,,,,,,,,,,,,
,,,,,,,,,2,159.0,,C2,Skinny,Med,289,88,201,,,,,,,,,,,,,,,,
,,,,,,,,,,,,,,,,,,,,,,,,,,,,,,,,,
,M2x,10,ROU,Filipp,F17,Carbon Wing,Bow,No,1,160.0,,C2,Skinny,Med,288.5,88.5,200,SM2P,46,21.5,No,14,32,,42,18,17,,16.5,3.0,3.0,,
,,,,,,,,,2,160.0,,C2,Skinny,Med,290,90,200,SM2P,46,21.5,No,16,41,,42,20.5,19,,17.5,3.0,3.0,,
,,,,,,,,,,,,,,,,,,,,,,,,,,,,,,,,,
,,,,,,,,,,,,,,,,,,,,,,,,,,,,,,,,,
,M2x,11,BUL,Filippi,,Carbon Wing,Bow,No,1,159.0,,Croker,,,287.5,88,199.5,Smoothie,44,22,No,17,42,,43,20,19.5,,17,5.0,6.0,,
,,,,,,,,,2,159.0,,Croker,,,287.5,88,199.5,Smoothie,44,22,No,17,39,,43,20,18.5,,17,6.0,6.0,,
,,,,,,,,,,,,,,,,,,,,,,,,,,,,,,,,,
,,,,,,,,,,,,,,,,,,,,,,,,,,,,,,,,,
,M2x,12,NED,Empacher,C31,Carbon Wing,Stern,Yes,1,159.5,,C2,Skinny,Med,288,88.5,199.5,SM2P,46,21.5,No,12,37,,45,18,16.5,,20,4.0,4.0,,
,,,,,,,,,2,159.0,,C2,Skinny,Med,288,88.5,199.5,SM2P,46,21.5,No,14,38,,42,17,16,,18,4.0,4.0,,
,,,,,,,,,,,,,,,,,,,,,,,,,,,,,,,,,
,,,,,,,,,,,,,,,,,,,,,,,,,,,,,,,,,
,,,,,,,,,,,,,,,,,,,,,,,,,,,,,,,,,
,M2x,13,ARG,Filippi,,Carbon Wing,Stern,Yes,1,159.0,,Croker,,,290,88,202,Smoothie,44,21.5,No,15,39,,41,19.5,18,,17,6.0,6.0,,
,,,,,,,,,2,159.0,,Croker,,,290,88,202,Smoothie,44,21.5,No,17,33,,41,19.5,18,,18,6.0,6.0,,
,,,,,,,,,,,,,,,,,,,,,,,,,,,,,,,,,
,,,,,,,,,,,,,,,,,,,,,,,,,,,,,,,,,
,M2x,14,BLR,Empacher,,Alum wing,Stern,No,1,160.0,,C2,Skinny,Med,290,89,201,SM2P,46,21.5,No,11,35,,42,18.5,17.5,,17.5,6.0,6.0,,
,,,,,,,,,2,160.0,,C2,Skinny,Med,290,88.5,201.5,SM2P,46,21.5,No,11,33,,45,18,17,,19,5.0,5.0,,
,,,,,,,,,,,,,,,,,,,,,,,,,,,,,,,,,
,M2x,15,GER,Empacher,X31,Carbon Wing,Bow,No,1,158.5,,C2,Skinny,Med,287.3,88,199.3,SM2,46,21.5,Yes,14,32,,45,18.5,18,,19.5,5.0,5.4,,
,,,,,,,,,2,157.5,,C2,Skinny,Med,287,88.5,198.5,SM2,46,21.5,Yes,16,30,,44,18,17.5,,18.5,6.0,4.8,,
,,,,,,,,,,,,,,,,,,,,,,,,,,,,,,,,,
,M2x,16,CAN,Hudson,,Carbon Wing,Bow,No,1,159.0,,Croker,Arrow S4,Med,291,89,202,Smoothie,44,21.5,No,,,59,41,19.1,18.5,,22.5,5.0,5.0,,
,,,,,,,,,2,161.0,,Croker,Arrow S4,Med,291,89,202,Smoothie,44,21.5,No,,,60,42,19.5,18.8,,21.3,4.0,4.0,,
,,,,,,,,,,,,,,,,,,,,,,,,,,,,,,,,,
,M2x,17,AUS,Filippi,F17,Carbon Wing,Bow,No,1,159.0,,Croker,Arrow S4,Med,290,88,202,Smoothie,44,21.5,No,16.5,35,58,43,19.5,18,,19.5,3.0,1.0,,
,,,,,,,,,2,163.0,,Croker,Arrow S4,Med,294,90,204,Smoothie,44,21.5,No,10,36,60.5,42,22,20.5,,19,4.0,3.0,,
,,,,,,,,,,,,,,,,,,,,,,,,,,,,,,,,,
,M2x,18,MEX,Hudson,,Alum wing,Stern,Yes,1,159.0,,Croker,Arrow S4,Soft,288.5,88.5,200,Smoothie,44,21.5,No,16,43,,39,20.5,18.5,,16,5.0,6.0,,
,,,,,,,,,2,159.0,,Croker,Arrow S4,Soft,288,88.5,199.5,Smoothie,44,21.5,No,16,34,,42,20,19,,16.5,6.0,6.0,,
,,,,,,,,,,,,,,,,,,,,,,,,,,,,,,,,,
,M2x,19,ROU,Filippi,,Carbon Wing,Bow,No,1,158.5,,C2,Skinny,Med,289,89,200,SM2P,46,21.5,No,14,32,,41,20.5,19,,18,5.0,5.0,,
,,,,,,,,,2,158.5,,C2,Skinny,Med,289,89,200,SM2P,46,21.5,No,12,28,,40,19,17.5,,16.5,6.0,5.0,,
,,,,,,,,,,,,,,,,,,,,,,,,,,,,,,,,,
,M2x,20,EST,Filippi,,Alum wing,Stern,Yes,1,160.0,,C2,,Med,288,89,199,SM2,46,21.5,Yes,13,38,,41,21.5,20.5,,17.5,5.0,3.0,,
,,,,,,,,,2,160.0,,C2,,Med,288,89,199,SM2,46,21.5,Yes,16,33,,41,19.5,18.5,,18,5.0,5.0,,
O,M4x,1,LTU,Filippi,F40,Carbon wing,Stern,Yes,1,159.0,,Croker,S4,Stiff,289.5,88,201.5,Smooth,44,22,No,,,55,42,19.5,18.5,,19,2.0,2.0,0,
,,,,,,,,Yes,2,159.0,,Croker,S4,Stiff,289.5,88,201.5,Smooth,44,22,No,,,57,42,19,18,,18.6,2.0,2.0,,
,,,,,,,,,3,159.0,,Croker,S4,Stiff,289.5,88,201.5,Smooth,44,22,,,,61.4,42,19.7,18.4,,18.1,2.0,2.0,,
,,,,,,,,,4,159.0,,Croker,S4,Stiff,289.5,88,201.5,Smooth,44,22,,,,62.5,42,20.1,18.8,,18,2.0,2.0,,
,,,,,,,,,,,,,,,,,,,,,,,,,,,,,,,,,
,,,,,,,,,,,,,,,,,,,,,,,,,,,,,,,,,
O,M4x,2,GBR,Empacher,X48,Carbon wing,Bow,No,1,156.0,,C2,Skinny,Med,290,86,204,SM2P,46,21.5,No,8,30,61,42,20,19,,19,4.0,4.0,,
,,,,,,,,,2,156.0,,C2,Skinny,Med,290,86,204,SM2P,46,21.5,No,16,29,60,42,20,19,,18.5,4.0,4.0,,
,,,,,,,,,3,156.0,,C2,Skinny,Med,290,86,204,SM2P,46,21.5,No,16.5,32,61.5,42,20,19,,19.5,4.0,4.0,,
,,,,,,,,,4,156.0,,C2,Skinny,Med,290,86,204,SM2P,46,21.5,No,15,31,61,42,20,19,,19.3,4.0,4.0,,
,,,,,,,,,,,,,,,,,,,,,,,,,,,,,,,,,
O,M4x,3,EST,Filippi,,Alum wing,Stern,Yes,1,160.0,,C2,Skinny,Med,289,88.5,200.5,SM2,46,21.5,Yes,15,34,,42,21.5,20,,18,3.0,4.0,,
,,,,,,,,,2,160.0,,C2,Skinny,Med,289,88.5,200.5,SM2,46,21.5,Yes,13,28,,41,22.5,20.5,,17,3.0,4.0,,
,,,,,,,,,3,160.0,,C2,Skinny,Med,289,88.5,200.5,SM2,46,21.5,Yes,11,33,,42,22.5,21,,18,5.0,4.0,,
,,,,,,,,,4,160.0,,C2,Skinny,Med,289,88.5,200.5,SM2,46,21.5,Yes,14,31,,43,22,20,,18,4.0,4.0,,
,,,,,,,,,,,,,,,,,,,,,,,,,,,,,,,,,
O,M4x,4,NED,Filippi,,Carbon Wing,Stern,Yes,1,159.0,,C2,Skinny,Med,288,88,200,SM2P,46,21.5,No,,47,56.5,41,18.5,17.5,,18,3.0,3.0,,
,,,,,,,,,2,159.0,,C2,Skinny,Med,288,88,200,SM2P,46,21.5,No,,49,64.5,42,20.5,19.5,,19,3.0,3.0,,
,,,,,,,,,3,159.0,,C2,Skinny,Med,288,87,201,SM2P,46,21.5,No,,,,,,,,,,,,
,,,,,,,,,4,159.0,,C2,Skinny,Med,288,88,200,SM2P,46,21.5,No,,,,,,,,,,,,
,,,,,,,,,,,,,,,,,,,,,,,,,,,,,,,,,
,,,,,,,,,,,,,,,,,,,,,,,,,,,,,,,,,
,M4x,5,POL,Empacher,X22,Carbon wing,Bow,No,1,158.0,,C2,Skinny,Med,291,89,202,SM2,46,21.5,Yes,15,38,,42,20.5,18.5,,19,5.0,5.0,,
,,,,,,,,,2,158.5,,C2,Skinny,Med,291,89,202,SM2,46,21.5,Yes,15,38,,40,20,18.5,,18,5.0,5.0,,
,,,,,,,,,3,158.0,,C2,Skinny,Med,291,89,202,SM2,46,21.5,Yes,17,35,,40,20.5,18.5,,18,5.0,5.0,,
,,,,,,,,,4,158.5,,C2,Skinny,Med,291,89,202,SM2,46,21.5,Yes,15,36,,41,20,18.5,,18,5.0,5.0,,
,,,,,,,,,,,,,,,,,,,,,,,,,,,,,,,,,
,,,,,,,,,,,,,,,,,,,,,,,,,,,,,,,,,
,M4x,6,NOR,Empacher,X/C43,Carbon wing,Bow,No,1,158.0,,C2,Skinny,XX,289,88,201,SM2P,46,21.5,No,14,36,,40,19,17.5,,18,6.0,6.0,,
,,,,,,,,,2,158.0,,C2,Skinny,XX,289,88,201,SM2P,46,21.5,No,13,39,,41,20.5,18,,19,5.0,5.0,,
,,,,,,,,,3,159.0,,C2,Skinny,XX,289,88,201,SM2P,46,21.5,No,20,45,,41,20.5,19,,18,5.0,5.0,,
,,,,,,,,,4,158.0,,C2,Skinny,XX,289,88,201,SM2P,46,21.5,No,12,33,,41,18.5,17.5,,20.5,5.0,5.0,,
,,,,,,,,,,,,,,,,,,,,,,,,,,,,,,,,,
,,,,,,,,,,,,,,,,,,,,,,,,,,,,,,,,,
,M4x,7,NZL,Filippi,F40,Carbon wing,Bow,No,1,158.0,,C2,Skinny,Med,289.5,88,201.5,SM2P,46,21.5,No,18,36,,43,19,18,,19.1,3.0,3.0,,
,,,,,,,,,2,158.0,,C2,Skinny,Med,289.5,88,201.5,SM2P,46,21.5,No,18,36,,43,18,17,,19,3.0,3.0,,
,,,,,,,,,3,158.0,,C2,Skinny,Med,289.5,88,201.5,SM2P,46,21.5,No,17,42,,43,19,18,,21.5,3.0,3.0,,
,,,,,,,,,4,158.0,,C2,Skinny,Med,289.5,88,201.5,SM2P,46,21.5,No,18,36.5,,43,18.5,17.5,,18.7,3.0,3.0,,
,,,,,,,,,,,,,,,,,,,,,,,,,,,,,,,,,
,,,,,,,,,,,,,,,,,,,,,,,,,,,,,,,,,
,M4x,8,GER,Empacher,X48,Carbon Wing,Bow,Yes,1,159.5,,Empacher,RAR462,,291.5,88,203.5,,43.5,21.5,No,17,38,,,19,18.5,,18,4.0,4.0,,
,,,,,,,,,2,159.5,,Empacher,RAR462,,291.5,88,203.5,,43.5,21.5,No,12,41,,45,18.5,18,,20,4.0,4.0,,
,,,,,,,,,3,159.5,,Empacher,RAR462,,291.5,88,203.5,,43.5,21.5,No,18,37,,43,18.5,18,,19,4.0,4.0,,
,,,,,,,,,4,159.5,,Empacher,RAR462,,291.5,88,203.5,,43.5,21.5,No,12,34,,46,18.5,18,,18,4.0,4.0,,
,,,,,,,,,,,,,,,,,,,,,,,,,,,,,,,,,
,,,,,,,,,,,,,,,,,,,,,,,,,,,,,,,,,
,,,,,,,,,,,,,,,,,,,,,,,,,,,,,,,,,
,M4x,9,FRA,Filippi,F40,Carbon Wing,Bow,No,1,159.0,,C2,Skinny,Med,290,88,202,SM2P,46,21.5,No,12,,,42,17,18,,20.2,4.0,4.0,,
,,,,,,,,,2,159.0,,C2,Skinny,Med,290,88,202,SM2P,46,21.5,No,12,,,43,17.4,18,,21,4.0,4.0,,
,,,,,,,,,3,159.0,,C2,Skinny,Med,290,88,202,SM2P,46,21.5,No,12,,,43,17.2,18.5,,18.8,4.0,4.0,,
,,,,,,,,,4,159.0,,C2,Skinny,Med,290,88,202,SM2P,46,21.5,No,12,,,42,17,18,,21,4.0,4.0,,
,,,,,,,,,,,,,,,,,,,,,,,,,,,,,,,,,
,,,,,,,,,,,,,,,,,,,,,,,,,,,,,,,,,
,M4x,10,RUS,Filippi,,Carbon Wing,Bow,No,1,159.0,,Croker,Arrow359,,289,87.5,201.5,Smoothie,44,22,No,15,41,,43,20.5,18.5,,19.5,6.0,5.0,,
,,,,,,,,,2,159.0,,Croker,Arrow359,,289,87.5,201.5,Smoothie,44,22,No,14,38,,42,20,18,,19.5,5.0,5.0,,
,,,,,,,,,3,159.0,,Croker,Arrow359,,289,87.5,201.5,Smoothie,44,22,No,15,38,,41,20,19,,18,5.0,4.0,,
,,,,,,,,,4,159.0,,Croker,Arrow359,,289,87.5,201.5,Smoothie,44,22,No,15,31,,41,20.5,18.5,,20,5.0,5.0,,
,,,,,,,,,,,,,,,,,,,,,,,,,,,,,,,,,
,,,,,,,,,,,,,,,,,,,,,,,,,,,,,,,,,
,M4x,11,UKR,Filippi,F40,Carbon Wing,Bow,No,1,159.0,,Croker,S39,,290,88,202,Smoothie,44,22,No,17,38,,42,22,20.5,,18,5.0,4.0,,
,,,,,,,,,2,159.0,,Croker,S39,,290,88,202,Smoothie,44,22,No,18,37,,41,23,20.5,,18.5,6.0,5.0,,
,,,,,,,,,3,159.0,,Croker,S39,,290,88,202,Smoothie,44,22,No,17,34,,42,23.5,21,,18.5,6.0,6.0,,
,,,,,,,,,4,159.0,,Croker,S39,,290,88,202,Smoothie,44,22,No,15,40,,43,20,19,,19.5,6.0,6.0,,
,,,,,,,,,,,,,,,,,,,,,,,,,,,,,,,,,
,M4x,12,ITA,Filippi,,Carbon wing,Stern,Yes,1,159.5,,C2,Skinny,Med,290,90,200,SM2P,46,21.5,No,14,37,,42,20,19,,19,6.0,6.0,,
,,,,,,,,,2,160.0,,C2,Skinny,Med,290.5,89,201.5,SM2P,46,21.5,No,15,37,,43,19.5,18,,20,6.0,6.0,,
,,,,,,,,,3,161.0,,C2,Skinny,Med,290,89,201,SM2P,46,21.5,No,17,43,,42,20,19,,18,5.0,5.0,,
,,,,,,,,,4,159.5,,C2,Skinny,Med,290.5,90.5,200,SM2P,46,21.5,No,18,38,,42,21,20,,19,6.0,6.0,,
,,,,,,,,,,,,,,,,,,,,,,,,,,,,,,,,,
,M4x,13,CHN,Filippi,F40,Carbon wing,Bow,No,1,159.0,,C2,Skinny,Med,290,88,202,SM2P,46,21.5,No,13,37,,43,18.5,17,,17,7.0,7.0,,
,,,,,,,,,2,159.0,,C2,Skinny,Med,290,88,202,SM2P,46,21.5,No,18,37,,42,19,17.5,,19,7.0,6.0,,
,,,,,,,,,3,159.0,,C2,Skinny,Med,290,88,202,SM2P,46,21.5,No,14,36,,43,19,17.5,,17,7.0,7.0,,
,,,,,,,,,4,159.0,,C2,Skinny,Med,290,88,202,SM2P,46,21.5,No,13,39,,43,18.5,17.5,,18,7.0,7.0,,
,,,,,,,,,,,,,,,,,,,,,,,,,,,,,,,,,
,M4x,14,CUB,Filippi,F40,Carbon wing,Bow,No,1,158.0,,C2,Skinny,Med,288.5,88,200.5,SM2P,46,21.5,No,15,37,,41.5,18,15,,22.5,5.5,6.0,,
,,,,,,,,,2,157.5,,C2,Skinny,Med,288.5,88,200.5,SM2P,46,21.5,No,17,40,,46,19.5,17,,19.5,6.0,7.0,,
,,,,,,,,,3,159.0,,C2,Skinny,Med,288.5,88,200.5,SM2P,46,21.5,No,21,40,,45,18.5,17,,22,5.5,6.0,,
,,,,,,,,,4,157.5,,C2,Skinny,Med,288.5,88,200.5,SM2P,46,21.5,No,13,35,,45,17,15.5,,20,6.0,6.0,,
,,,,,,,,,,,,,,,,,,,,,,,,,,,,,,,,,
,M4x,15,USA,Empacher,X44,Carbon wing,Bow,No,1,157.0,,Croker,Slick40,,288.5,87,201.5,Smoothie,44,22,No,16,32,,42.6,19.5,18.5,,20,3.8,3.3,,
,,,,,,,,,2,157.0,,Croker,Slick40,,288.5,87,201.5,Smoothie,44,22,No,17,33,,43,21,19,,19,4.6,4.7,,
O,LW2x,1,ROU,Filippi,F36,Carbon wing,Bow,Yes,1,160.0,,C2,Skinny,Med,287,88,199,SM2P,46,21.5,No,,59.5,,38,13.5,12,,19,5,5,0,
,,,,,,,Bow,Yes,2,160.0,,C2,Skinny,Med,287,88,199,SM2P,46,21.5,No,,59.5,,38,13.5,12,,18,5.0,5.0,,
,,,,,,,,,,,,,,,,,,,,,,,,,,,,,,,,,
,,,,,,,,,,,,,,,,,,,,,,,,,,,,,,,,,
O,LW2x,2,NZL,Filippi,F36,Carbon wing,Stern,Yes,1,159.5,,C2,Skinny,Soft,287,87.5,199.5,SM2P,46,21.5,No,23,35,,42,16.2,15.7,,18,4,4,0,
,,,,,,,,,2,159.5,,C2,Skinny,Soft,287,87.5,199.5,SM2P,46,21.5,No,23,34,,42,16.2,15.7,,16,4.0,4.0,,
,,,,,,,,,,,,,,,,,,,,,,,,,,,,,,,,,
O,LW2x,3,USA,Filippi,F13,Alum Wing,Stern,Yes,1,159.1,,C2,Skinny,Soft,285,86,199,SM2P,46,21.5,No,11.3,28.3,,43,16.8,15.5,,15.3,5.8,5.8,,
,,,,,,,,,2,159.0,,C2,Skinny,Soft,285,86,199,SM2,46,21.5,Yes,19.2,26.5,,41,16.5,15.7,,15.3,5.1,5.0,,
,,,,,,,,,,,,,,,,,,,,,,,,,,,,,,,,,
O,LW2x,4,POL,Filippi,F36,Carbon Wing,Bow,No,1,160.0,,C2,Skinny,Med,285,88.5,196.5,SM2P,46,21.5,No,12,30,,40,17,15,,13,5.6,5.1,,
,,,,,,,,,2,160.0,,C2,Skinny,Med,284.5,88.7,195.8,SM2P,46,21.5,Yes,15,33,,42,17,15,,13.5,5.7,5.5,,
,,,,,,,,,,,,,,,,,,,,,,,,,,,,,,,,,
,,,,,,,,,,,,,,,,,,,,,,,,,,,,,,,,,
,LW2x,5,GBR,Filippi,F36,Carbon wing,Bow,No,1,157.0,,Croker,ArrowS32,,288,88,200,Smoothie,46,21.5,No,15,32,,42.5,16,15,,16.6,4.0,4.0,,
,,,,,,,,,2,157.0,,Croker,ArrowS32,,288,88,200,Smoothie,46,21.5,No,15,34,,42.5,16,15,,16.8,4.0,4.0,,
,,,,,,,,,,,,,,,,,,,,,,,,,,,,,,,,,
,,,,,,,,,,,,,,,,,,,,,,,,,,,,,,,,,
,LW2x,6,DEN,Empacher,X29,Carbon wing,Bow,No,1,158.0,,C2,Skinny,Med,285.5,87.8,197.7,Sm2,46,21.5,Yes,15.5,30,,45.7,18.5,17,,14,5.1,3.8,,
,,,,,,,,,2,158.0,,C2,Skinny,Med,285.5,87.5,198,Sm2,46,21.5,Yes,16,32,,44*,18,16.5,,13.5,5.2,3.7,*shimano shoes,
,,,,,,,,,,,,,,,,,,,,,,,,,,,,,,,,,
,LW2x,7,FRA,Filipp1,,Carbon wing,Stern,Yes,1,159.0,,C2,Skinny,Soft,286.5,88.5,198,Sm2,46,21.5,Yes,14,31,,42,14.8,14,,18,5.0,5.0,,
,,,,,,,,,2,159.0,,C2,Skinny,Soft,286.5,88.5,198,Sm2,46,21.5,Yes,18,32,,42,14.1,13.1,,16.5,5.0,5.0,,
,,,,,,,,,,,,,,,,,,,,,,,,,,,,,,,,,
,LW2x,8,ITA,Filippi,F36,Carbon Wing,Stern,Yes,1,159.0,,C2,Skinny,Soft,288,88,200,SM2P,46,21.5,No,18,33,,39,17.5,16.5,,15.5,4.0,5.0,,
,,,,,,,,,2,159.3,,C2,Skinny,Soft,288,88,200,SM2P,46,21.5,No,17.5,27,,42,16.5,16,,13,3.0,5.0,,
,,,,,,,,,,,,,,,,,,,,,,,,,,,,,,,,,
,,,,,,,,,,,,,,,,,,,,,,,,,,,,,,,,,
,LW2x,9,GER,Empacher,X29,Carbon Wing,Bow,No,1,158.5,,C2,,Soft,286,86.2,199.8,Sm2,46,21.5,Yes,15,25,,45.7,15.5,15,,15,4.0,3.0,,
,,,,,,,,,2,159.0,,C2,,Soft,286,86.2,199.8,Sm2,46,21.5,Yes,17,32,,46,16.5,15.5,,12.5,5.0,3.5,,
,,,,,,,,,,,,,,,,,,,,,,,,,,,,,,,,,
,LW2x,10,CHN,Filippi,F13,Carbon Wing,Bow,No,1,159.0,,C2,Skinny,Med,288,88.5,199.5,SM2P,46,21.5,No,15,37.5,,40.4,17.5,16.5,,15,4.8,4.9,,
,,,,,,,,,2,159.0,,C2,Skinny,Med,288,88.5,199.5,SM2P,46,21.5,No,16.5,35,,40,18,16.3,,16.5,5.0,4.9,,
,,,,,,,,,,,,,,,,,,,,,,,,,,,,,,,,,
,,,,,,,,,,,,,,,,,,,,,,,,,,,,,,,,,
,LW2x,11,GRE,Filippi,F36,Carbon Wing,Bow,No,1,159.0,,C2,Skinny,Med,284.5,88.5,196,SM2P,46,21.5,No,17,29.6,,43,15,13.5,,13.5,4.9,4.4,,
,,,,,,,,,2,160.0,,C2,Skinny,Med,283.5,87.5,196,SM2P,46,21.5,No,15.5,32,,42,17.8,16,,14,4.8,4.6,,
,,,,,,,,,,,,,,,,,,,,,,,,,,,,,,,,,
,,,,,,,,,,,,,,,,,,,,,,,,,,,,,,,,,
,LW2x,12,RUS,Filippi,F36,Carbon Wing,Stern,Yes,1,159.5,,C2,Skinny,,285.5,87,198.5,SM2P,46,21.5,No,21.5,34.5,,40.8,17.5,16,,15.5,4.7,5.0,,
,,,,,,,,,2,159.5,,C2,Skinny,,285.5,87,198.5,SM2P,46,21.5,No,18,33.5,,41.2,16.5,15,,15.5,5.2,4.5,,
,,,,,,,,,,,,,,,,,,,,,,,,,,,,,,,,,
,,,,,,,,,,,,,,,,,,,,,,,,,,,,,,,,,
,,,,,,,,,,,,,,,,,,,,,,,,,,,,,,,,,
,LW2x,13,SWE,Filippi,F36,Carbon Wing,Bow,No,1,158.0,,C2,Skinny,Soft,286,87.5,198.5,SM2P,46,21.5,No,15,31.5,,40,15,13,,19,4.0,5.6,,
,,,,,,,,,2,159.0,,C2,Skinny,Soft,286,87.5,198.5,SM2P,46,21.5,No,11.5,31.5,,39,14.5,13,,17,4.0,4.3,,
,,,,,,,,,,,,,,,,,,,,,,,,,,,,,,,,,
,,,,,,,,,,,,,,,,,,,,,,,,,,,,,,,,,
,LW2x,14,SUI,Filippi,36,Carbon Wing,Bow,No,1,,,C2,Skinny,Med,286,86.8,199.2,SM2P,46,21.5,No,,,,43.5,16,14.5,,16,3.0,3.0,,
,,,,,,,,,2,,,C2,Skinny,Med,287,88,199,SM2P,46,21.5,No,,,,44,16.5,15,,16.5,3.0,3.0,,
,,,,,,,,,,,,,,,,,,,,,,,,,,,,,,,,,
,LW2x,15,GUA,Filippi,F36,Carbon Wing,Bow,No,1,158.5,,C2,,Med,285,87,198,SM2P,46,21.5,No,11,26,,44,16,15.5,,16,4.0,4.0,,
,,,,,,,,,2,159.5,,C2,,Med,285,87,198,SM2P,46,21.5,No,15,31,,44,16.5,15,,15,4.0,4.0,,
,,,,,,,,,,,,,,,,,,,,,,,,,,,,,,,,,
,,,,,,,,,,,,,,,,,,,,,,,,,,,,,,,,,
,LW2x,16,PER,Hudson,,Alum wing,Bow,No,1,159.0,,C2,,Med,286,86.5,199.5,SM2,46,21.5,Yes,17,33,,43,15,13.5,,16,4.0,5.0,,
,,,,,,,,,2,159.0,,C2,,Med,286,86.5,199.5,SM2,46,21.5,Yes,19,32,,42,15.5,13.5,,15.5,4.0,5.0,,
,,,,,,,,,,,,,,,,,,,,,,,,,,,,,,,,,
,,,,,,,,,,,,,,,,,,,,,,,,,,,,,,,,,
,LW2x,17,MEX,Filippi,,Alum Wing,Bow,No,1,158.0,,,,,,,,,,,,16,26,,38.7,16,15,,14.5,5.3,6.0,,
,,,,,,,,,2,158.0,,,,,,,,,,,,16.5,22.5,,40.2,14,13.5,,15.5,6.1,4.8,,
O,W2x,1,NZL,Filippi,F13,Carbon wing,Bow,No,1,160.0,,C2,low i,Med,288,87,201,SM2P,46,21.5,No,,,,42,16,15,,18,4,4,0,
,,,,,,,Bow,No,2,160.0,,C2,low i,Med,288,88,200,SM2P,46,21.5,No,,,,42,16,15,,17,4.0,4.0,,
,,,,,,,,,,,,,,,,,,,,,,,,,,,,,,,,,
,,,,,,,,,,,,,,,,,,,,,,,,,,,,,,,,,
O,W2x,2,USA,Empacher,X25,Carbon wing,Bow,No,1,159.5,,C2,Skinny,Soft,288,88,200,SM2P,46,21.5,No,16,33,,41,17.7,17,,16.5,6.8,6.1,0,
,,,,,,,,,2,158.5,,C2,Skinny,Soft,287,87.5,199.5,SM2P,46,21.5,No,10,30,,40,15,14,,17.5,6.5,6.0,,
,,,,,,,,,,,,,,,,,,,,,,,,,,,,,,,,,
O,W2x,3,AUS,Empacher,X36,Carbon wing,Stern,Yes,1,159.0,,Croker,Skinny,Soft,288,87.5,200.5,Smooth,46,21.5,No,12,,58,41,17.5,16.5,,18,4.0,4.0,,
,,,,,,,,,2,159.0,,Croker,Skinny,Soft,288,88,200,Smooth,46,21.5,No,12,,59,41,17.5,16.5,,19,4.0,4.0,,
,,,,,,,,,,,,,,,,,,,,,,,,,,,,,,,,,
O,W2x,4,LTU,Filippi,F46,Carbon Wing,Bow,No,1,158.0,,Croker,S4,Soft,287.5,87.5,200,Smooth,46,21.5,No,,42,,42,15.4,14.4,,17.5,4.0,5.1,,
,,,,,,,,,2,159.0,,Croker,S4,Soft,288,88,200,Smooth,46,21.5,Yes,,44,,42,19,18,,18,4.0,4.0,,
,,,,,,,,,,,,,,,,,,,,,,,,,,,,,,,,,
,,,,,,,,,,,,,,,,,,,,,,,,,,,,,,,,,
,W2x,5,CHN,Empacher,X37,Carbon wing,Bow,No,1,159.0,,C2,,Med,288,88,200,SM2P,46,21.5,No,18,37.5,,45.4,17,15.5,,17.5,4.0,4.9,,
,,,,,,,,,2,159.0,,C2,,Med,288,88,200,SM2P,46,21.5,No,18,37.5,,44.2,18.5,16.5,,16,4.8,3.5,,
,,,,,,,,,,,,,,,,,,,,,,,,,,,,,,,,,
,,,,,,,,,,,,,,,,,,,,,,,,,,,,,,,,,
,W2x,6,FRA,Filippi,F13,Carbon wing,Stern,Yes,1,160.5,,C2,Skinny,Soft,287,87.5,199.5,SM2P,46,21.5,Yes,16,31,,43.8,15.5,14,,20.5,6.2,5.9,,
,,,,,,,,,2,160.5,,C2,Skinny,Soft,287,87,200,SM2P,46,21.5,Yes,15,26.5,,41.8,16,15,,19,3.4,6.1,,
,,,,,,,,,,,,,,,,,,,,,,,,,,,,,,,,,
,W2x,7,CZE,Filippi,,Carbon wing,Bow,No,1,,,C2,Skinny,Soft,,,,,,,,,,,,,,,,,,,
,,,,,,,,,2,,,C2,Skinny,Soft,,,,,,,,,,,,,,,,,,,
,,,,,,,,,,,,,,,,,,,,,,,,,,,,,,,,,
,W2x,8,NED,Filippi,F13,Carbon Wing,Stern,Yes,1,159.0,,C2,Skinny,Med,287.5,88,199.5,SM2P,46,21.5,No,,37.5,59,43,17,15.5,,17.5,4.0,4.0,,
,,,,,,,,,2,159.0,,C2,Skinny,Med,288,88.5,199.5,SM2P,46,21.5,No,,39.5,61,43,17,15.5,,18,4.0,4.0,,
,,,,,,,,,,,,,,,,,,,,,,,,,,,,,,,,,
,,,,,,,,,,,,,,,,,,,,,,,,,,,,,,,,,
,W2x,9,ITA,Filippi,F46,Carbon Wing,Bow,No,1,161.5,,C2,Skinny,Soft,288.5,89.5,199,SM2P,46,21.5,Yes,21.5,36,,42.7,17.5,16.5,,17,4.2,3.6,,
,,,,,,,,,2,161.0,,C2,Skinny,Soft,288.5,89.5,199,SM2P,46,21.5,Yes,18,35.5,,42.9,18,17,,14.5,3.2,3.2,,
,,,,,,,,,,,,,,,,,,,,,,,,,,,,,,,,,
,W2x,10,GER,Empacher,X35,Carbon Wing,Bow,No,1,160.0,,C2,Standard,Med,285.5,87.5,198,Big Blade,43,21.5,No,15,34,,43.5,18,17,,18,4.1,2.1,,
,,,,,,,,,2,159.7,,C2,Standard,Med,285.5,87.5,198,Big Blade,43,21.5,No,17.5,32,,41,16.5,15.5,,16,3.0,2.1,,
,,,,,,,,,,,,,,,,,,,,,,,,,,,,,,,,,
,,,,,,,,,,,,,,,,,,,,,,,,,,,,,,,,,
,W2x,11,SWE,Empacher,X25,Carbon Wing,Bow,No,1,159.4,,C2,Skinny,Soft,285.5,86.7,198.8,Sm2,46,21.5,Yes,14,33,,40,16.5,15,,18,4.8,6.8,,
,,,,,,,,,2,159.2,,C2,Skinny,Med,284.5,86,198.5,Sm2,46,21.5,Yes,15,34.5,,42.3,17.7,15.7,,14.5,5.3,5.4,,
,,,,,,,,,,,,,,,,,,,,,,,,,,,,,,,,,
,,,,,,,,,,,,,,,,,,,,,,,,,,,,,,,,,
,W2x,12,GRE,Filippi,F13,Carbon Wing,Stern,Yes,1,160.0,,C2,Skinny,Med,286,88,198,SM2P,46,21.5,No,25,36.5,,42,16.5,16.5,,16,4.9,5.0,,
,,,,,,,,,2,160.0,,C2,Skinny,Med,284.5,87,197.5,SM2P,46,21.5,No,19,35,,40.7,15.5,15.5,,16,4.0,5.0,,
,,,,,,,,,,,,,,,,,,,,,,,,,,,,,,,,,
,,,,,,,,,,,,,,,,,,,,,,,,,,,,,,,,,
,,,,,,,,,,,,,,,,,,,,,,,,,,,,,,,,,
,W2x,13,DEN,Filippi,F46,Carbon Wing,Stern,Yes,1,158.0,,C2,Skinny,Med,285,87,198.5,SM2P,46,21.5,No,19.5,36,,41,17.5,15.5,,17,4.1,3.7,,
,,,,,,,,,2,158.5,,C2,Skinny,Med,285,87,198.5,SM2P,46,21.5,No,17,32.5,,42,17.5,15.5,,16.5,5.0,4.9,,
,,,,,,,,,,,,,,,,,,,,,,,,,,,,,,,,,
,,,,,,,,,,,,,,,,,,,,,,,,,,,,,,,,,
,W2x,14,NGR,,,,,,1,,,,,,,,,,,,,,,,,,,,,,,,
,,,,,,,,,2,,,,,,,,,,,,,,,,,,,,,,,,
O,LM2x,1,FRA,Filippi,,Carbon wing,Bow,No,1,159.0,,C2,Skinny,Med,289,88,201,SM2,46,21.5,Yes,13,31,,41,16.5,16.3,,18,4.0,4.0,0,
,FRA,,,,,,Bow,No,2,159.0,,C2,Skinny,Med,289,88,201,SM2,46,21.5,Yes,15,33,,41,17.3,15.5,,16,4.0,4.0,,
,,,,,,,,,,,,,,,,,,,,,,,,,,,,,,,,,
,,,,,,,,,,,,,,,,,,,,,,,,,,,,,,,,,
O,LM2x,2,ITA,Filippi,,Carbon wing,Bow,No,1,160.0,,C2,Skinny,Med,287.5,89,198.5,SM2P,46,21.5,No,14,39,,46,19.5,18.5,,16,5.0,5.0,0,
,ITA,,,,,,,,2,160.0,,C2,Skinny,Med,287.5,89,198.5,SM2P,46,21.5,No,20,38,,42,20,19,,16,5.0,5.0,,
,,,,,,,,,,,,,,,,,,,,,,,,,,,,,,,,,
O,LM2x,3,CHN,Filippi,,Carbon Wing,Bow,No,1,159.0,,C2,Skinny,Med,288,88,200,SM2P,46,21.5,No,18,33,,43,17,15,,15,5.0,5.0,,
,CHN,,,,,,,,2,159.0,,C2,Skinny,Med,288,88,200,SM2,46,21.5,No,16,34,,43,16.5,15.5,,16.5,5.0,5.0,,
,,,,,,,,,,,,,,,,,,,,,,,,,,,,,,,,,
O,LM2x,4,POL,Filippi,F13,Carbon Wing,Bow,No,1,159.5,,C2,Skinny,Med,287,88.5,198.5,SM2P,46,21.5,No,17.5,34.5,,42.5,18,16,,18.5,7.0,6.5,,
,POL,,,,,,,,2,159.5,,C2,Skinny,Med,287,88.5,198.5,SM2P,46,21.5,No,16.5,40.5,,42.5,19,17,,16.5,6.8,5.8,,
,,,,,,,,,,,,,,,,,,,,,,,,,,,,,,,,,
,,,,,,,,,,,,,,,,,,,,,,,,,,,,,,,,,
,LM2x,5,BEL,Filippi,F13,Carbon wing,Bow,No,1,159.2,,C2,Skinny,Med,288.5,88.5,200,SM2P,46,21.5,No,16.5,37,,43,18.2,17,,17,3.5,4.5,,
,BEL,,,,,,,,2,159.0,,C2,Skinny,Med,288.5,88.5,200,SM2P,46,21.5,No,19.5,35,,41.5*,17.5,16.5,,15,3.7,4.5,,
,,,,,,,,,,,,,,,,,,,,,,,,,,,,,,,,,
,,,,,,,,,,,,,,,,,,,,,,,,,,,,,,,,,
,LM2x,6,GER,Filippi,F13,Carbon wing,Bow,No,1,160.0,,C2,Skinny,Med,287.5,88,199.5,Sm2,46,21.5,Yes,20,44,,44,19.5,17.5,,15.5,4.1,3.0,,
,GER,,,,,,,,2,160.0,,C2,Skinny,Med,287.5,88,199.5,Sm2,46,21.5,Yes,16,35,,44,18.5,17,,16,3.6,3.0,,
,,,,,,,,,,,,,,,,,,,,,,,,,,,,,,,,,
,LM2x,7,CZE,Filippi,,Carbon wing,Bow,No,1,157.5,,C2,Skinny,Med,289,88,201,SM2P,46,21.5,Yes,18,32,,42,19.3,17.5,,17,5.0,4.0,,
,CZE,,,,,,,,2,159.0,,C2,Skinny,Med,287,87,200,SM2P,46,21.5,Yes,20,34,,43,20.5,18.5,,17.5,6.0,5.0,,
,,,,,,,,,,,,,,,,,,,,,,,,,,,,,,,,,
,LM2x,8,DEN,Filippi,F13,Carbon Wing,Stern,Yes,1,159.5,,C2,Skinny,Med,286.5,87,199.5,SM2P,46,21.5,No,19.5,35,,45,17,15,,20.5,4.1,4.1,,
,DEN,,,,,,,,2,159.5,,C2,Skinny,Med,286.5,87,199.5,SM2P,46,21.5,No,20,32,,43.5,16.5,15,,20.5,5.1,4.8,,
,,,,,,,,,,,,,,,,,,,,,,,,,,,,,,,,,
,,,,,,,,,,,,,,,,,,,,,,,,,,,,,,,,,
,LM2x,9,UKR,Filippi,F13,Carbon Wing,Bow,No,1,158.0,,C2,Skinny,Soft,289,88.5,200.5,Sm2,46,21.5,Yes,13,25,,41,17,16,,14,4.0,4.0,,
,UKR,,,,,,,,2,158.5,,C2,Skinny,Soft,288,88.5,199.5,Sm2,46,21.5,Yes,13,35,,43,17,16,,15.5,7.0,3.5,,
,,,,,,,,,,,,,,,,,,,,,,,,,,,,,,,,,
,LM2x,10,GBR,Filippi,,Carbon Wing,Bow,No,1,159.0,,C2,Skinny,Med,288.5,88,200.5,SM2P,46,21.5,No,20,33.5,,43,17.6,17,,16.5,4.0,4.0,,
,GBR,,,,,,,,2,159.0,,,Skinny,Med,288.5,88,200.5,SM2P,46,21.5,No,20,39.5,,43,18.1,16.8,,15.5,4.0,4.0,,
,,,,,,,,,,,,,,,,,,,,,,,,,,,,,,,,,
,,,,,,,,,,,,,,,,,,,,,,,,,,,,,,,,,
,LM2x,11,ESP,Filippi,,Carbon Wing,Bow,No,1,159.0,,C2,Skinny,Med,288,88,200,SM2P,46,21.5,No,17,32,,43,17,16,,19.5,6.0,6.0,,
,ESP,,,,,,,,2,159.0,,C2,Skinny,Med,288,88,200,SM2P,46,21.5,No,19,35,,42,18,16.5,,17.5,6.0,6.0,,
,,,,,,,,,,,,,,,,,,,,,,,,,,,,,,,,,
,,,,,,,,,,,,,,,,,,,,,,,,,,,,,,,,,
,LM2x,12,RSA,Filippi,,Carbon Wing,,,1,160.0,,C2,Skinny,Med,287,88,199,SM2P,46,21.5,No,,35,55,42.5,17,16,,18,5.0,5.0,,
,RSA,,,,,,,,2,160.0,,C2,Skinny,Med,287,88,199,SM2P,46,21.5,No,,30.5,49,42.5,17.5,16.5,,16,5.0,5.0,,
,,,,,,,,,,,,,,,,,,,,,,,,,,,,,,,,,
,,,,,,,,,,,,,,,,,,,,,,,,,,,,,,,,,
,,,,,,,,,,,,,,,,,,,,,,,,,,,,,,,,,
,LM2x,13,CAN,Hudson,USP,Carbon Wing,Bow,No,1,159.5,,Croker,S39,Standard,288,88,200,Smoothie,,,No,15,36,54.5,41,15.3,,,18,4.0,4.0,,
,CAN,,,,,,,,2,159.5,,Croker,S39,Standard,288,88,200,Smoothie,,,No,17,35.5,55,41,15.7,,,15.2,4.0,4.0,,
,,,,,,,,,,,,,,,,,,,,,,,,,,,,,,,,,
,,,,,,,,,,,,,,,,,,,,,,,,,,,,,,,,,
,LM2x,14,ARG,,,,,,1,159.5,,C2,Skinny,Med,288,88,200,SM2P,46,21.5,No,20,33,,48,16,14.5,,18,5.0,5.0,,
,ARG,,,,,,,,2,159.5,,C2,Skinny,Med,288,88,200,SM2P,46,21.5,No,19,37,,42,15.5,14.5,,18.5,5.0,5.0,,
,,,,,,,,,,,,,,,,,,,,,,,,,,,,,,,,,
,LM2x,15,JPN,Filippi,F13,Carbon Wing,Bow,No,1,159.0,,C2,Skinny,Med,288,88,200,SM2P,46,21.5,No,22,32,,42,17,15.5,,13,3.9,4.5,,
,JPN,,,,,,,,2,159.5,,C2,Skinny,Med,288,88,200,SM2P,46,21.5,No,19,34,,40,17,16.5,,12,4.9,5.1,,
,,,,,,,,,,,,,,,,,,,,,,,,,,,,,,,,,
,,,,,,,,,,,,,,,,,,,,,,,,,,,,,,,,,
,LW2x,16,USA,Empacher,,Carbon wing,Bow,No,1,159.0,,C2,Skinny,Soft,289,89,200,SM2P,46,21.5,No,16,35,,43,18,17,,16,4.0,4.0,,
,USA,,,,,,,,2,159.0,,C2,Skinny,Soft,289,89,200,SM2P,46,21.5,No,13,29,,43,18,16.5,,17,3.0,3.0,,
,,,,,,,,,,,,,,,,,,,,,,,,,,,,,,,,,
,,,,,,,,,,,,,,,,,,,,,,,,,,,,,,,,,
,LM2x,17,RUS,Filippi,F13,Carbon wing,Bow,No,1,160.0,,C2,Skinny,Med,287,88.5,198.5,SM2P,46,21.5,No,20.5,36,,40.5,18.5,17.5,,17,4.0,4.6,,
,RUS,,,,,,,,2,160.0,,C2,Skinny,Med,287,88.5,198.5,SM2P,46,21.5,No,17.5,31.5,,43.5,17.5,16.5,,17,5.0,3.8,,
,,,,,,,,,,,,,,,,,,,,,,,,,,,,,,,,,
,LM2x,18,URU,Hudson,S2.21,Alum wing,Bow,No,1,159.0,,C2,Skinny,Med,287,88,199,SM2P,46,21.5,No,15.5,32,,43,17.2,16.2,,16.6,4.0,4.0,,
,URU,,,,,,,,2,159.0,,C2,Skinny,Med,287,88,199,SM2P,46,21.5,No,16.5,26.5,,41,15.8,14.8,,15.2,4.0,4.0,,
,,,,,,,,,,,,,,,,,,,,,,,,,,,,,,,,,
,LM2x,19,UZB,Hudson,S2.21,Alum wing,Bow,No,1,160.5,,C2,,Med,288,85.5,202.5,SM2,46,21.5,Yes,20,37,,44,17.5,16.5,,17.5,4.0,4.0,,
,UZB,,,,,,,,2,160.0,,C2,,Med,288,85.5,202.5,SM2,46,21.5,Yes,26,34,,42,17.5,16.5,,16,5.0,4.0,,
,,,,,,,,,,,,,,,,,,,,,,,,,,,,,,,,,
,LM2x,20,PER,Hudson,S2.21,Alum wing,Bow,No,1,160.5,,C2,,Med,288,85.5,202.5,SM2,46,21.5,Yes,20,37,,44,17.5,16.5,,17.5,4.0,4.0,,
,PER,,,,,,,,2,160.0,,C2,,Med,288,85.5,202.5,SM2,46,21.5,Yes,26,34,,42,17.5,16.5,,16,5.0,4.0,,
,,,,,,,,,,,,,,,,,,,,,,,,,,,,,,,,,
,LM2x,21,GUA,Resolute,,Alum wing,Stern,Yes,1,159.0,,C2,,Med,288,88.5,199.5,SM2,46,21.5,Yes,14,37,,42,16,14.5,,16,3.0,3.0,,
,GUA,,,,,,,,2,158.5,,C2,,Med,288,88.5,199.5,SM2,46,21.5,Yes,15,21,,42,16,15,,14.5,4.0,3.0,,
,,,,,,,,,,,,,,,,,,,,,,,,,,,,,,,,,
,LM2x,22,EGY,Vespoli,VHP30,Alum wing,Bow,No,1,160.5,,Blades not located,,,,,,,,,,16,32,,43,17.5,16,,16.5,5.0,5.0,,
,EGY,,,,,,,,2,160.0,,,,,,,,,,,,15,31,,42,17.5,16,,16.5,5.0,5.0,,
,,,,,,,,,,,,,,,,,,,,,,,,,,,,,,,,,
,LM2x,23,UGA,Hudson,,Alum wing,Bow,Yes,1,159.5,,C2,,Med,287.5,86,201.5,SM2,46,21.5,Yes,19,41,,42,18,17,,18,4.0,4.0,,
,UGA,,,,,,,,2,159.5,,C2,,Med,287.5,86,201.5,SM2,46,21.5,Yes,20,39,,45,17,16.5,,17.5,5.0,5.0,,
O,W8+,1,ROM,Filippi,F42,Carbon wing,Stern,Yes,1,,84.5,C2,Skinny,Med,374,114.5,259.5,SM2P,53.5,25.3,No,,,,,,,,,,,9,
,,,,,,,,Yes,2,,84.0,C2,Skinny,Med,374,114.5,259.5,SM2P,53.5,25.3,No,,,,,,,,,,,8,
,,,,,,,,Yes,3,,85.0,C2,Skinny,Med,374,114.5,259.5,SM2P,53.5,25.3,No,,,,,,,,,,,9,
,,,,,,,,Yes,4,,84.0,C2,Skinny,Med,374,114.5,259.5,SM2P,53.5,25.3,No,,,,,,,,,,,9,
,,,,,,,,Yes,5,,85.0,C2,Skinny,Med,374,114.5,259.5,SM2P,53.5,25.3,No,,,,,,,,,,,9,
,,,,,,,,Yes,6,,84.0,C2,Skinny,Med,374,114.5,259.5,SM2P,53.5,25.3,No,,,,,,,,,,,8,
,,,,,,,,Yes,7,,84.0,C2,Skinny,Med,374,114.5,259.5,SM2P,53.5,25.3,No,,,,,,,,,,,9,
,,,,,,,,Yes,8,,84.0,C2,Skinny,Med,374,114.5,259.5,SM2P,53.5,25.3,No,,,,,,,,,,,8,
,,,,,,,,,,,,,,,,,,,,,,,,,,,,,,,,,
O,W8+,2,CAN,Hudson,,Carbon wing,Stern,Yes,1,,84.0,C2,Skinny2,Soft,373,114,259,SM2P,53.5,25.3,No,9,,59,42,,,16,18,,,4,
,CAN,,,,,,,,2,,84.0,C2,Skinny2,Soft,373,114,259,SM2P,53.5,25.3,No,9,,59,42,,,16,17,,,4,
,,,,,,,,,3,,84.0,C2,Skinny2,Soft,373,114,259,SM2P,53.5,25.3,No,9,,59,42,,,16,18,,,4,
,,,,,,,,,4,,84.0,C2,Skinny2,Soft,373,114,259,SM2P,53.5,25.3,No,9,,59,42,,,16,19,,,4,
,,,,,,,,,5,,84.0,C2,Skinny2,Soft,373,114,259,SM2P,53.5,25.3,No,9,,59,42,,,16,19,,,4,
,,,,,,,,,6,,84.0,C2,Skinny2,Soft,373,114,259,SM2P,53.5,25.3,No,9,,59,42,,,16,18,,,4,
,,,,,,,,,7,,84.0,C2,Skinny2,Soft,373,114,259,SM2P,53.5,25.3,No,9,,59,42,,,16,18,,,4,
,,,,,,,,,8,,84.0,C2,Skinny2,Soft,373,114,259,SM2P,53.5,21.5,No,9,,59,42,,,16,18,,,4,
,,,,,,,,,,,,,,,,,,,,,,,,,,,,,,,,,
O,W8+,3,NZL,Filippi,F42,Carbon wing,Stern,Yes,1,,84.0,C2,Skinny,Soft,373,114,259,SM2P,53.5,25.3,No,,,56,44,,,16.2,20,,,3,
,NZL,,,,,,,,2,,84.0,C2,Skinny,Soft,373,114,259,SM2P,53.5,25.3,No,,,54,44,,,16.8,19.5,,,4,
,,,,,,,,,3,,84.0,C2,Skinny,Soft,373,114,259,SM2P,53.5,25.3,No,,,57,44,,,17.2,19,,,6,
,,,,,,,,,4,,84.0,C2,Skinny,Soft,373,114,259,SM2P,53.5,25.3,No,,,54,45,,,16.4,19,,,3,
,,,,,,,,,5,,84.0,C2,Skinny,Soft,373,114,259,SM2P,53.5,25.3,No,,,66.5,44,,,18.8,20,,,4,
,,,,,,,,,6,,84.0,C2,Skinny,Soft,373,114,259,SM2P,53.5,25.3,No,,,55,44,,,17.5,19,,,3,
,,,,,,,,,7,,84.0,C2,Skinny,Soft,373,114,259,SM2P,53.5,25.3,No,,,62,44,,,17.4,20,,,3,
,,,,,,,,,8,,84.0,C2,Skinny,Soft,373,114,259,SM2P,53.5,21.5,No,,,62,40,,,15.8,20,,,3,
,,,,,,,,,,,,,,,,,,,,,,,,,,,,,,,,,
,W8+,4,USA,Empacher,C86,Carbon wing,Stern,Yes,1,,84.0,Croker,M4,,373,114,259,,,,No,12,43,,42,,,17,19,,,5,
,USA,,,,,,,,2,,84.0,Croker,M4,,373,114,259,,,,No,12,41,,42,,,17.5,19,,,5,
,,,,,,,,,3,,84.0,Croker,M4,,373,114,259,,,,No,12,40,,42,,,17,19,,,5,
,,,,,,,,,4,,84.0,Croker,M4,,373,114,259,,,,No,12,42,,42,,,17,18,,,5,
,,,,,,,,,5,,84.0,Croker,M4,,373,114,259,,,,No,12,42,,42,,,18,20,,,5,
,,,,,,,,,6,,84.0,Croker,M4,,373,114,259,,,,No,12,44,,42,,,18.5,20,,,5,
,,,,,,,,,7,,84.0,Croker,M4,,373,114,259,,,,No,12,41,,42,,,17,19,,,5,
,,,,,,,,,8,,84.0,Croker,M4,,373,114,259,,,,No,12,44,,42,,,17.8,19,,,5,
,,,,,,,,,,,,,,,,,,,,,,,,,,,,,,,,,
,W8+,5,GBR,Empacher,X,Carbon wing,Stern,Yes,1,,84.0,C2,Skinny,Med,373,114,259,SM2P,53.5,25.3,No,,40,60,45,,,16.8,17,,,0,*on pin
,GBR,,,,,,,,2,,84.0,C2,Skinny,Med,373,114,259,SM2P,53.5,25.3,No,,39,59,45,,,16.8,17,,,0,
,,,,,,,,,3,,84.0,C2,Skinny,Med,373,114,259,SM2P,53.5,25.3,No,,40,60,42,,,17,17,,,0,
,,,,,,,,,4,,84.0,C2,Skinny,Med,373,114,259,SM2P,53.5,25.3,No,,41,61,43,,,17,20,,,0,
,,,,,,,,,5,,84.0,C2,Skinny,Med,373,114,259,SM2P,53.5,25.3,No,,38,58,42,,,17,20,,,0,
,,,,,,,,,6,,84.0,C2,Skinny,Med,373,114,259,SM2P,53.5,25.3,No,,40,60,45,,,17,19,,,0,
,,,,,,,,,7,,84.0,C2,Skinny,Med,373,114,259,SM2P,53.5,25.3,No,,40.5,60.5,44,,,16.8,18,,,0,
,,,,,,,,,8,,84.0,C2,Skinny,Med,373,114,259,SM2P,53.5,21.5,No,,42.5,62.5,45,,,17.4,19,,,0,
,,,,,,,,,,,,,,,,,,,,,,,,,,,,,,,,,
,W8+,6,NED,Empacher,X,Carbon wing,Stern,Yes,1,,?,C2,Skinny,Med,373,114,259,SM2P,53.5,25.3,No,,40,60,45,,,16.8,17,,,,
,NED,,,,,,,,2,,?,C2,Skinny,Med,373,114,259,SM2P,53.5,25.3,No,,39,59,45,,,16.8,17,,,,
,,,,,,,,,3,,?,C2,Skinny,Med,373,114,259,SM2P,53.5,25.3,No,,40,60,42,,,17,17,,,,
,,,,,,,,,4,,?,C2,Skinny,Med,373,114,259,SM2P,53.5,25.3,No,,41,61,43,,,17,20,,,,
,,,,,,,,,5,,?,C2,Skinny,Med,373,114,259,SM2P,53.5,25.3,No,,38,58,42,,,17,20,,,,
,,,,,,,,,6,,?,C2,Skinny,Med,373,114,259,SM2P,53.5,25.3,No,,40,60,45,,,17,19,,,,
,,,,,,,,,7,,?,C2,Skinny,Med,373,114,259,SM2P,53.5,25.3,No,,40.5,60.5,44,,,16.8,18,,,,
,,,,,,,,,8,,?,C2,Skinny,Med,373,114,259,SM2P,53.5,21.5,No,,42.5,62.5,45,,,17.4,19,,,,
,,,,,,,,,,,,,,,,,,,,,,,,,,,,,,,,,
,W8+,7,RUS,Filippi,F42,Alum Wing,Stern,Yes,1,,83.5,C2,,Med,374,114,260,SM2P,53.5,25.3,No,18,31,,43,,,18,18,,,5,
,RUS,,,,,,,,2,,84.0,C2,,Med,370,110.5,259.5,SM2P,53.5,25.3,No,16,32,,43,,,17.5,19,,,5.6,
,,,,,,,,,3,,84.0,C2,,Med,374,114,260,SM2P,53.5,25.3,No,19,34,,43,,,18.5,17,,,6,
,,,,,,,,,4,,84.0,C2,,Med,374,114,260,SM2P,53.5,25.3,No,17,34,,43,,,17.5,21,,,6,
,,,,,,,,,5,,84.0,C2,,Med,374,114,260,SM2P,53.5,25.3,No,17,32,,40.6,,,18.5,19,,,5.9,
,,,,,,,,,6,,84.0,C2,,Med,374,114,260,SM2P,53.5,25.3,No,20,35,,42,,,17.5,19.5,,,6.5,
,,,,,,,,,7,,84.0,C2,,Med,374,114,260,SM2P,53.5,25.3,No,17,32,,43,,,18.5,18,,,5.9,
,,,,,,,,,8,,84.0,C2,,Med,374,114,260,SM2P,53.5,21.5,No,18,28,,42,,,16.5,20,,,5,
,,,,,,,,,,,,,,,,,,,,,,,,,,,,,,,,,
,,,,,,,,,,,,,,,,,,,,,,,,,,,,,,,,,
,W8+,8,CHN,Filippi,F42,Alum Wing,Stern,Yes,1,,84.0,C2,Skinny,Med,370,114,256,SM2P,53.5,25.3,No,16.5,38.5,,42.8,,,17.5,17.5,,,7.1,
,CHN,,,,,,,,2,,84.0,C2,Skinny,Med,370,114,256,SM2P,53.5,25.3,No,15.5,35.5,,42.6,,,17.5,17.5,,,7.1,
,,,,,,,,,3,,84.0,C2,Skinny,Med,370,114,256,SM2P,53.5,25.3,No,17,38,,41.5,,,18.5,16.5,,,8.1,
,,,,,,,,,4,,84.0,C2,Skinny,Med,370,114,256,SM2P,53.5,25.3,No,16,38,,2.6,,,17.5,16.5,,,5.9,
,,,,,,,,,5,,84.0,C2,Skinny,Med,370,114,256,SM2P,53.5,25.3,No,16,37,,41.8,,,18,18,,,8,
,,,,,,,,,6,,84.0,C2,Skinny,Med,370,114,256,SM2P,53.5,25.3,No,16,38,,42.7,,,18,18,,,7,
,,,,,,,,,7,,84.0,C2,Skinny,Med,370,114,256,SM2P,53.5,25.3,No,15,36.5,,42,,,18,18,,,7.1,
,,,,,,,,,8,,84.5,C2,Skinny,Med,370,114,256,SM2P,53.5,21.5,No,16,37,,42,,,18,17.5,,,6.1,
,,,,,,,,,,,,,,,370,,,,,,,,,,,,,,,,,,
O,W4-,1,AUS,Empacher,C40,Carbon wing,Stern,Yes,1,,85.5,C2,Skinny,Soft,373,116,257,SM2P,53.5,25.3,No,17,,60,42,,,16.5,19,,,4,
,AUS,,,,,,Stern,Yes,2,,85.5,C2,Skinny,Soft,373,116,257,SM2P,53.5,25.3,No,17,,52,42,,,17,18.5,,,4,
,,,,,,,Stern,Yes,3,,85.5,C2,Skinny,Soft,373,116,257,SM2P,53.5,25.3,No,17,,63,42,,,17,20,,,4,
,,,,,,,Stern,Yes,4,,85.5,C2,Skinny,Soft,373,116,257,SM2P,53.5,25.3,No,17,,61,42,,,17,20,,,4,
,,,,,,,,,,,,,,,,,,,,,,,,,,,,,,,,,
,,,,,,,,,,,,,,,,,,,,,,,,,,,,,,,,,
O,W4-,2,POL,Filippi,F52,Carbon wing,Stern,Yes,1,,85.0,C2,Skinny,Soft,372.5,116.5,256,SM2P,53.5,25.3,No,17,36.5,,42,,,17,17.5,,,4.8,
,POL,,,,,,,,2,,85.0,C2,Skinny,Soft,372.5,116,256.5,SM2P,53.5,25.3,No,17.5,35,,42,,,17.5,17.5,,,5.15,
,,,,,,,,,3,,85.0,C2,Skinny,Soft,372.5,116.5,256,SM2P,53.5,25.3,No,19.5,33.5,,42,,,18,20.5,,,5.3,
,,,,,,,,,4,,85.0,C2,Skinny,Soft,371.5,116.5,255,SM2P,53.5,25.3,No,18,33,,42,,,16.5,17.5,,,6,
,,,,,,,,,,,,,,,,,,,,,,,,,,,,,,,,,
O,W4-,3,RUS,Filippi,F52,Alum Wing,Stern,Yes,1,,85.0,C2,Skinny,Med,373,115,258,SM2P,53.5,25.3,No,15.5,30,,42.6,,,16,19,,,6.3,
,RUS,,,,,,,,2,,85.0,C2,Skinny,Med,373,115,258,SM2P,53.5,25.3,No,15.5,37.5,,40,,,16.5,19,,,4.6,
,,,,,,,,,3,,85.0,C2,Skinny,Med,373,115,258,SM2P,53.5,25.3,No,17,35.5,,40.2,,,16,20,,,5.2,
,,,,,,,,,4,,85.0,C2,Skinny,Med,373,115,258,SM2P,53.5,25.3,No,15,33.5,,39.5,,,16,17.5,,,5.3,
,,,,,,,,,,,,,,,,,,,,,,,,,,,,,,,,,
,W4-,4,USA,Empacher,C40,Alum Wing,Stern,Yes,1,,85.0,Croker,M4,Regular,374,115,259,,,,No,12,42,,42,,,18,19,,,4,
,USA,,,,,,,,2,,85.0,Croker,M4,Regular,374,115,259,,,,No,12,40,,42,,,18,18,,,4,
,,,,,,,,,3,,85.0,Croker,M4,Regular,374,115,259,,,,No,12,39,,42,,,18,19,,,4,
,,,,,,,,,4,,85.0,Croker,M4,Regular,374,115,259,,,,No,12,46,,42,,,19,20,,,4,
,,,,,,,,,,,,,,,,,,,,,,,,,,,,,,,,,
,W4-,5,NED,Filippi,F52,Carbon wing,Stern,Yes,1,,85.0,C2,Skinny,Med,373,115,258,SM2P,53.5,25.3,No,17,34,,42.5,,,15.5,,,,4,
,NED,,,,,,,,2,,85.0,C2,Skinny,Med,373,115,258,SM2P,53.5,25.3,No,16.5,40,,42.6,,,15.5,20,,,3.2,
,,,,,,,,,3,,85.0,C2,Skinny,Med,373,115,258,SM2P,53.5,25.3,No,17.5,42.5,,42.5,,,17,18,,,4.3,
,,,,,,,,,4,,85.0,C2,Skinny,Med,373,115,258,SM2P,53.5,25.3,No,20.5,39,,42.1,,,16,17.5,,,3.9,
,,,,,,,,,,,,,,,,,,,,,,,,,,,,,,,,,
,W4-,6,CHN,Empacher,R40,Alum wing,Stern,Yes,1,,85.5,C2,Skinny,Med,373,116,257,SM2P,53.5,25.3,No,17.5,36.5,,43.7,,,17.5,17.5,,,6.9,
,CHN,,,,,,,,2,,85.5,C2,Skinny,Med,373,116,257,SM2P,53.5,25.3,No,16,37,,44,,,18,19.5,,,7,
,,,,,,,,,3,,85.5,C2,Skinny,Med,373,116,257,SM2P,53.5,25.3,No,19,39,,43,,,16.5,18,,,7,
,,,,,,,,,4,,85.5,C2,Skinny,Med,373,116,257,SM2P,53.5,25.3,No,19,39.5,,44,,,17.5,18,,,7,
,,,,,,,,,,,,,,,,,,,,,,,,,,,,,,,,,
,W4-,7,GBR,Filippi,F42,Alum Wing,Stern,Yes,1,,85.0,C2,Skinny,Med,373,115.5,257.5,SM2P,53.5,25.3,No,,,59,45,,,16,20,,,4,
,GBR,,,,,,,,2,,85.0,C2,Skinny,Med,373,115.5,257.5,SM2P,53.5,25.3,No,,,60.5,45,,,17,20,,,6,
,,,,,,,,,3,,85.0,C2,Skinny,Med,373,115.5,257.5,SM2P,53.5,25.3,No,,,60,45,,,17,20,,,4,
,,,,,,,,,4,,85.0,C2,Skinny,Med,373,115.5,257.5,SM2P,53.5,25.3,No,,,57,45,,,15.5,19,,,4,
,,,,,,,,,,,,,,,,,,,,,,,,,,,,,,,,,
,,,,,,,,,,,,,,,,,,,,,,,,,,,,,,,,,
,W4-,8,ITA,Filippi,F43,Carbon wing,Stern,Yes,1,,85.8,C2,Skinny,Soft,373,115.5,257.5,SM2P,53.5,25.3,No,19.5,34.5,,40,,,17,17,,,5.2,
,ITA,,,,,,,,2,,86.0,C2,Skinny,Soft,373,115.5,257.5,SM2P,53.5,25.3,No,12.5,33.5,,42.4,,,16.5,17.5,,,5.7,
,,,,,,,,,3,,85.5,C2,Skinny,Soft,373,115.5,257.5,SM2P,53.5,25.3,No,16.5,28,,41.5,,,14.5,18,,,3.5,
,,,,,,,,,4,,86.0,C2,Skinny,Soft,373,115.5,257.5,SM2P,53.5,25.3,No,14,35,,42.5,,,15,17,,,6.4,
,,,,,,,,,,,,,,,,,,,,,,,,,,,,,,,,,
,W4-,9,CAN,Hudson,F43,Carbon wing,Stern,Yes,1,,85.0,C2,Skinny,Soft,372,115,257,SM2P,53.5,25.3,No,8,,58,42,,,16,19,,,4,
,CAN,,,,,,,,2,,85.0,C2,Skinny,Soft,372,115,257,SM2P,53.5,25.3,No,8,,58,42,,,16,18,,,4,
,,,,,,,,,3,,85.0,C2,Skinny,Soft,372,115,257,SM2P,53.5,25.3,No,8,,58,42,,,16,17,,,4,
,,,,,,,,,4,,85.0,C2,Skinny,Soft,372,115,257,SM2P,53.5,25.3,No,8,,58,42,,,16,17,,,4,
,,,,,,,,,,,,,,,,,,,,,,,,,,,,,,,,,
,W4-,10,NZL,Filippi,F52,Carbon wing,Stern,Yes,1,,85.0,C2,Skinny,Soft,373,115,258,SM2P,53.5,25.3,No,15,30,54,45,,,16.5,20,,,4,
,NZL,,,,,,,,2,,85.0,C2,Skinny,Soft,373,115,258,SM2P,53.5,25.3,No,18,36,59,45,,,17.1,22,,,4,
,,,,,,,,,3,,85.0,C2,Skinny,Soft,373,115,258,SM2P,53.5,25.3,No,18,34,58,45,,,17.7,18,,,4,
,,,,,,,,,4,,85.0,C2,Skinny,Soft,373,115,258,SM2P,53.5,25.3,No,22,36,59,45,,,17.2,17,,,4,
,,,,,,,,,,,,,,,,,,,,,,,,,,,,,,,,,
,W4-,11,ROM,Filippi,F52,Alum wing,Stern,Yes,1,,85.0,C2,Skinny,Med,373,115,258,SM2P,53.5,25.3,No,14.5,30,58,38,,,13,19.5,,,5.3,
,ROM,,,,,,,,2,,85.0,C2,Skinny,Med,373,115,258,SM2P,53.5,25.3,No,18.5,36,58,34.1,,,16,18,,,4.1,
,,,,,,,,,3,,85.0,C2,Skinny,Med,373,115,258,SM2P,53.5,25.3,No,20,37,58,37.9,,,14,20,,,4.5,
,,,,,,,,,4,,85.0,C2,Skinny,Med,373,115,258,SM2P,53.5,25.3,No,25,37.5,58,37.5,,,14.5,19,,,3.7,
,,,,,,,,,,,,,,,,,,,,,,,,,,,,,,,,,
,W4-,12,FRA,Filippi,,Carbon wing,Stern,Yes,1,,85.0,C2,,Soft,375,116,259,SM2P,53.5,25.3,No,17,36,,42,,,15.5,19,,,5,
,FRA,,,,,,,,2,,85.0,C2,,Soft,375,116,259,SM2P,53.5,25.3,No,16,39,,42,,,15.5,20,,,5,
,,,,,,,,,3,,85.0,C2,,Soft,375,116,259,SM2P,53.5,25.3,No,22,34,,41,,,16.5,17,,,5,
,,,,,,,,,4,,85.0,C2,,Soft,375,116,259,SM2P,53.5,25.3,No,20,41,,41,,,15,18.5,,,6,
O,M4-,1,AUS,Empacher,C48,Carbon wing,Stern,Yes,1,,85.0,C2,Low i,Med,377,115,262,SM2P,53.5,25.3,No,17.0,37.0,,42.0,,,18.0,19.0,,,3.0,
,AUS,,,,,,Stern,Yes,2,,85.0,C2,Low i,Med,377,115,262,SM2P,53.5,25.3,No,17.0,36.0,,42.0,,,18.0,19.0,,,3.0,
,,,,,,,Stern,Yes,3,,85.0,C2,Low i,Med,377,115,262,SM2P,53.5,25.3,No,17.0,36.0,,42.0,,,18.0,19.0,,,3.0,
,,,,,,,Stern,Yes,4,,85.0,C2,Low i,Med,377,115,262,SM2P,53.5,25.3,No,17.0,36.0,,42.0,,,18.0,19.0,,,3.0,
,,,,,,,,,,,,,,,,,,,,,,,,,,,,,,,,,
,,,,,,,,,,,,,,,,,,,,,,,,,,,,,,,,,
O,M4-,2,ITA,Filippi,F40,Alum wing,Stern,Yes,1,,83.0,C2,Standard,Med,375,114,261,SM2P,53.5,25.3,No,15.0,33.0,,41.0,,,18.5,17.5,,,6.0,
,ITA,,,,,,,,2,,83.0,C2,Standard,Med,376,114,262,SM2P,53.5,25.3,No,14.0,34.0,,41.0,,,20.0,19.0,,,4.0,
,,,,,,,,,3,,83.0,C2,Standard,Med,376,114,262,SM2P,53.5,25.3,No,13.0,36.0,,42.0,,,17.0,17.0,,,4.0,
,,,,,,,,,4,,83.0,C2,Standard,Med,376.5,114.5,262,SM2P,53.5,25.3,No,11.0,33.0,,42.0,,,18.5,20.0,,,4.0,
,,,,,,,,,,,,,,,,,,,,,,,,,,,,,,,,,
O,M4-,3,GBR,Empacher,C48,Carbon wing,Stern,Yes,1,,84.5,C2,Standard,Med,377,114.5,262.5,SM2P,53.5,25.3,No,11.0,,59.0,43.0,,,19.5,20.0,,,4.0,
,GBR,,,,,,,,2,,84.5,C2,Skinny,Med,377,114.5,262.5,SM2P,53.5,25.3,No,10.0,,60.0,43.0,,,20.3,20.5,,,4.0,
,,,,,,,,,3,,84.5,C2,Skinny,Med,377,114.5,262.5,SM2P,53.5,25.3,No,10.0,,59.0,43.0,,,19.7,19.8,,,4.0,
,,,,,,,,,4,,84.5,C2,Skinny,Med,377,114.5,262.5,SM2P,53.5,25.3,No,10.0,,59.0,43.0,,,19.8,20.0,,,4.0,
,,,,,,,,,,,,,,,,,,,,,,,,,,,,,,,,,
,M4-,4,NED,Empacher,C48,Carbon wing,Stern,Yes,1,,85.0,C2,Skinny,Med,376,115,261,SM2P,53.5,25.3,No,,,,43.0,,,18.5,19.0,,,4.0,
,NED,,,,,,,,2,,85.0,C2,Skinny,Med,376,115,261,SM2P,53.5,25.3,No,,,,43.0,,,18.5,18.0,,,4.0,
,,,,,,,,,3,,85.0,C2,Skinny,Med,376,115,261,SM2P,53.5,25.3,No,,,,43.0,,,20.0,19.0,,,4.0,
,,,,,,,,,4,,85.0,C2,Skinny,Med,376,115,261,SM2P,53.5,25.3,No,,,,43.0,,,20.0,20.0,,,4.0,
,,,,,,,,,,,,,,,,,,,,,,,,,,,,,,,,,
,M4-,5,DEN,Filippi,F40,Carbon wing,Stern,Yes,1,,85.0,C2,Skinny,Med,376,116.5,259.5,SM2P,53.5,25.3,No,19.0,36.0,,45.0,,,19.0,18.5,,,5.0,
,DEN,,,,,,,,2,,85.0,C2,Skinny,Med,376,116.5,259.5,SM2P,53.5,25.3,No,21.0,34.0,,42.0,,,16.0,20.0,,,5.0,
,,,,,,,,,3,,85.0,C2,Skinny,Med,376,116.5,259.5,SM2P,53.5,25.3,No,20.0,34.0,,40.0,,,17.0,9.0,,,6.0,
,,,,,,,,,4,,85.0,C2,Skinny,Med,376,116.5,259.5,SM2P,53.5,25.3,No,21.0,42.0,,43.0,,,18.0,19.5,,,5.0,
,,,,,,,,,,,,,,,,,,,,,,,,,,,,,,,,,
,M4-,6,GER,Empacher,C48,Carbon wing,Stern,Yes,1,,85.0,C2,Skinny,Med,377,115,262,SM2P,53.5,25.3,No,,,,,,,17.0,,,,6.9,
,GER,,,,,,,,2,,85.0,C2,Skinny,Med,377,115,262,SM2P,53.5,25.3,No,,,,,,,17.0,,,,7.0,
,,,,,,,,,3,,85.0,C2,Skinny,Med,377,115,262,SM2P,53.5,25.3,No,,,,,,,17.0,,,,7.0,
,,,,,,,,,4,,85.0,C2,Skinny,Med,377,115,262,SM2P,53.5,25.3,No,,,,,,,17.0,,,,7.0,
,,,,,,,,,,,,,,,,,,,,,,,,,,,,,,,,,
,M4-,7,ESP,Filippi,F40,Carbon wing,Stern,Yes,1,,85.0,C2,Skinny,Med,376,115,261,SM2P,53.5,25.3,No,17.5,34.0,,42.5,,,18.5,19.0,,,3.3,
,ESP,,,,,,,,2,,85.0,C2,Skinny,Med,376,115,261,SM2P,53.5,25.3,No,14.5,37.5,,42.2,,,18.0,18.0,,,4.2,
,,,,,,,,,3,,85.0,C2,Skinny,Med,376,115,261,SM2P,53.5,25.3,No,14.5,4.5,,41.6,,,17.5,19.5,,,4.4,
,,,,,,,,,4,,85.0,C2,Skinny,Med,376,115,261,SM2P,53.5,25.3,No,16.5,34.0,,42.5,,,18.5,18.5,,,3.2,
,,,,,,,,,,,,,,,,,,,,,,,,,,,,,,,,,
,,,,,,,,,,,,,,,,,,,,,,,,,,,,,,,,,
,M4-,8,CAN,Hudson,S4.51,Carbon wing,Stern,Yes,1,,84.0,C2,Skinny,Med,376,114,262,SM2P,53.5,25.3,No,,,57.0,42.0,,,17.5,21.0,,,4.0,
,CAN,,,,,,,,2,,84.0,C2,Skinny,Med,376,114,262,SM2P,53.5,25.3,No,,,66.0,42.0,,,18.5,23.0,,,4.0,
,,,,,,,,,3,,84.0,C2,Skinny,Med,376,114,262,SM2P,53.5,25.3,No,,,66.0,42.0,,,18.5,22.5,,,4.0,
,,,,,,,,,4,,84.0,C2,Skinny,Med,376,114,262,SM2P,53.5,25.3,No,,,59.0,42.0,,,17.8,19.0,,,4.0,
,,,,,,,,,,,,,,,,,,,,,,,,,,,,,,,,,
,M4-,9,FRA,Empacher,C45,Carbon wing,Stern,Yes,1,,85.0,C2,Skinny,Med,376,115.5,260.5,SM2P,53.5,25.3,No,19.0,,,43.1,,,18.5,20.5,,,4.0,
,FRA,,,,,,,,2,,85.0,C2,Skinny,Med,376,115.5,260.5,SM2P,53.5,25.3,No,19.0,,,41.0,,,18.0,19.0,,,4.0,
,,,,,,,,,3,,85.0,C2,Skinny,Med,376,115.5,260.5,SM2P,53.5,25.3,No,18.5,,,41.0,,,17.5,17.5,,,4.0,
,,,,,,,,,4,,85.0,C2,Skinny,Med,376,115.5,260.5,SM2P,53.5,25.3,No,17.0,,,43.8,,,17.6,18.0,,,4.0,
,,,,,,,,,,,,,,,,,,,,,,,,,,,,,,,,,
,M4-,10,USA,Empacher,C48,Carbon wing,Stern,Yes,1,,84.0,C2,Skinny,Med,376,114,262,SM2P,53.5,25.3,No,,,,,,,,,,,,
,USA,,,,,,,,2,,84.0,C2,Skinny,Med,376,114,262,SM2P,53.5,25.3,No,,,,,,,,,,,,
,,,,,,,,,3,,84.0,C2,Skinny,Med,376,114,262,SM2P,53.5,25.3,No,,,,,,,,,,,,
,,,,,,,,,4,,84.0,C2,Skinny,Med,376,114,262,SM2P,53.5,25.3,No,,,,,,,,,,,,
,,,,,,,,,,,,,,,,,,,,,,,,,,,,,,,,,
,M4-,11,AUT,Empacher,C48,Carbon wing,Stern,Yes,1,,85.0,C2,Skinny,Med,,,,SM2P,53.5,25.3,No,19.5,41.0,,43.0,,,17.5,19.0,,,6.3,
,AUT,,,,,,,,2,,85.0,C2,Skinny,Med,,,,SM2P,53.5,25.3,No,18.0,40.0,,43.8,,,17.5,19.5,,,5.4,
,,,,,,,,,3,,85.0,C2,Skinny,Med,,,,SM2P,53.5,25.3,No,19.5,43.5,,42.7,,,18.0,18.5,,,3.3,
,,,,,,,,,4,,85.0,C2,Skinny,Med,,,,SM2P,53.5,25.3,No,19.5,43.5,,43.5,,,18.0,20.0,,,4.8,
,,,,,,,,,,,,,,,,,,,,,,,,,,,,,,,,,
,M4-,12,NZL,Filippi,,Carbon wing,Stern,Yes,1,,84.0,C2,Standard,,376,115,261,SM2P,53.5,25.3,No,15.5,34.0,,42.0,,,18.0,20.0,,,4.0,
,NZL,,,,,,,,2,,84.0,C2,Standard,,376,115,261,SM2P,53.5,25.3,No,15.5,34.0,,42.0,,,17.5,20.0,,,4.0,
,,,,,,,,,3,,84.0,C2,Standard,,376,115,261,SM2P,53.5,25.3,No,15.5,32.0,,42.0,,,17.5,20.0,,,4.0,
,,,,,,,,,4,,84.0,C2,Standard,,376,115,261,SM2P,53.5,25.3,No,15.5,40.0,,42.0,,,17.8,20.0,,,4.0,
,,,,,,,,,,,,,,,,,,,,,,,,,,,,,,,,,
,M4-,13,RSA,Filippi,F38,Alum wing,Stern,Yes,1,,85.0,C2,Skinny,Med,376,115,261,SM2P,53.5,25.3,No,11.0,37.0,,43.4,,,16.5,21.0,,,4.7,
,RSA,,,,,,,,2,,85.0,C2,Skinny,Med,376,115,261,SM2P,53.5,25.3,No,11.0,30.5,,42.2,,,17.0,18.0,,,5.1,
,,,,,,,,,3,,85.0,C2,Skinny,Med,376,115,261,SM2P,53.5,25.3,No,13.5,36.0,,41.9,,,18.0,19.5,,,7.0,
,,,,,,,,,4,,85.0,C2,Skinny,Med,376,115,261,SM2P,53.5,25.3,No,10.0,31.0,,42.0,,,18.5,19.5,,,6.9,
,,,,,,,,,,,,,,,,,,,,,,,,,,,,,,,,,
,M4-,14,ARG,Hudson,S4.51,Carbon wing,Stern,Yes,1,,85.0,C2,Skinny,Med,376,115,261,SM2P,53.5,25.3,No,17.0,37.0,,41.0,,,17.0,19.0,,,6.0,
,ARG,,,,,,,,2,,85.0,C2,Skinny,Med,375.5,115,260.5,SM2P,53.5,25.3,No,18.0,37.0,,43.0,,,16.5,19.0,,,4.0,
,,,,,,,,,3,,85.0,C2,Skinny,Med,376,115,261,SM2P,53.5,25.3,No,14.0,36.0,,43.0,,,18.0,19.5,,,6.0,
,,,,,,,,,4,,85.0,C2,Skinny,Med,375.5,115,260.5,SM2P,53.5,25.3,No,17.0,37.0,,45.0,,,16.5,19.0,,,5.0,
,,,,,,,,,,,,,,,,,,,,,,,,,,,,,,,,,
,M4-,15,LTU,Filippi,,Carbon wing,Stern,Yes,1,,85.5,C2,Standard,Stiff,375,116,259,SM2P,53.5,25.3,No,17.0,38.0,,37.0,,,18.5,15.5,,,6.0,
,LTU,,,,,,,,2,,85.0,C2,Standard,Stiff,376.5,117,259.5,SM2P,53.5,25.3,No,17.0,38.0,,37.0,,,19.0,18.0,,,6.0,
,,,,,,,,,3,,85.0,C2,Standard,Stiff,375.5,116,259.5,SM2P,53.5,25.3,No,17.0,43.0,,38.0,,,19.0,18.0,,,6.0,
,,,,,,,,,4,,85.0,C2,Standard,Stiff,375.5,116,259.5,SM2P,53.5,25.3,No,19.0,35.0,,36.0,,,19.0,17.0,,,5.0,
,,,,,,,,,,,,,,,,,,,,,,,,,,,,,,,,,
O,W4x,1,NED,Filippi,F52,Carbon wing,Bow,No,1,159.0,,C2,Skinny,Med,289,88.5,200.5,SM2P,46,21.5,No,,37.0,58.0,43.0,17.0,15.5,,19.0,4.0,4.0,0,
,NED,,,,,,,No,2,159.0,,C2,Skinny,Med,289,88.5,200.5,SM2P,46,21.5,No,,34.0,55.0,43.0,17.5,16.0,,19.5,4.0,4.0,,
,,,,,,,,,3,159.0,,C2,Skinny,Med,289,88.5,200.5,SM2P,46,21.5,No,,39.5,61.0,43.0,18.0,16.5,,18.0,4.0,4.0,,
,,,,,,,,,4,159.0,,C2,Skinny,Med,288.5,88,200.5,SM2P,46,21.5,No,,33.0,53.0,43.0,17.0,15.5,,18.0,4.0,4.0,,
,,,,,,,,,,,,,,,,,,,,,,,,,,,,,,,,,
,,,,,,,,,,,,,,,,,,,,,,,,,,,,,,,,,
O,W4x,2,POL,Filippi,,Carbon wing,Stern,No,1,159.0,,C2,Skinny,Soft,288,89,199,SM2P,46,21.5,No,20.0,36.0,,43.0,18.5,16.5,,18.5,5.0,5.0,,
,POL,,,,,,,,2,159.0,,C2,Skinny,Soft,288,89,199,SM2P,46,21.5,No,21.0,41.0,,41.0,20.0,18.0,,19.0,5.0,5.0,,
,,,,,,,,,3,159.0,,C2,Skinny,Soft,288,89,199,SM2P,46,21.5,No,19.0,35.0,,42.0,19.0,17.5,,18.0,6.0,6.0,,
,,,,,,,,,4,159.0,,C2,Skinny,Soft,288,89,199,SM2P,46,21.5,No,21.0,43.0,,40.0,18.0,16.5,,14.0,5.0,5.0,,
,,,,,,,,,,,,,,,,,,,,,,,,,,,,,,,,,
O,W4x,3,GBR,Empacher,,Carbon Wing,Bow,No,1,160.0,,Croker,Arrow,,289,87,202,Smoothie,44,22,No,15.0,36.5,58.0,46.0,17.0,16.0,,21.0,4.0,4.0,,
,GBR,,,,,,,,2,160.0,,Croker,Arrow,,289,87,202,Smoothie,44,22,No,18.0,35.0,55.0,46.0,17.0,16.0,,19.5,4.0,4.0,,
,,,,,,,,,3,160.0,,Croker,Arrow,,289,87,202,Smoothie,44,22,No,17.0,35.0,57.0,46.0,17.0,16.0,,19.5,4.0,4.0,,
,,,,,,,,,4,160.0,,Croker,Arrow,,289,87,202,Smoothie,44,22,No,16.0,34.5,57.0,46.0,17.0,16.0,,20.0,4.0,4.0,,
,,,,,,,,,,,,,,,,,,,,,,,,,,,,,,,,,
O,W4x,4,GER,Empacher,C40,Carbon Wing,Stern,Yes,1,159.5,,C2,Skinny,,286,88,198,Smooth,46,21.5,No,17.5,35.0,,44.0,17.5,16.0,,19.0,2.7,2.8,,
,GER,,,,,,,,2,161.0,,C2,Skinny,,287,88,199,Smooth,46,21.5,No,1.0,36.0,,45.5,16.5,15.5,,22.0,3.1,2.3,,
,,,,,,,,,3,160.0,,C2,Skinny,,287,88,199,Smoothie,46,21.5,No,17.5,38.0,,43.7,16.0,15.0,,21.0,3.1,2.8,,
,,,,,,,,,4,158.5,,C2,Skinny,,287,87.5,199.5,Smoothie,46,21.5,No,13.0,34.0,,42.0,16.0,15.0,,16.0,3.1,3.3,,
,,,,,,,,,,,,,,,,,,,,,,,,,,,,,,,,,
,,,,,,,,,,,,,,,,,,,,,,,,,,,,,,,,,
,W4x,5,USA,Empacher,X40,Carbon wing,Bow,No,1,160.0,,Croker,S4,Regular,287,87,200,Smoothie,44,22,No,10.0,40.0,,42.0,18.0,17.0,,17.0,4.0,4.0,,
,USA,,,,,,,,2,160.0,,Croker,S4,Regular,287,87,200,Smoothie,44,22,No,10.0,42.0,,42.0,18.0,17.0,,17.0,4.0,4.0,,
,,,,,,,,,3,160.0,,Croker,S4,Regular,287,87,200,Smoothie,44,22,No,10.0,43.0,,42.0,18.0,17.0,,18.0,4.0,4.0,,
,,,,,,,,,4,160.0,,Croker,S4,Regular,287,87,200,Smoothie,44,22,No,10.0,41.0,,42.0,18.0,17.0,,18.0,4.0,4.0,,
,,,,,,,,,,,,,,,,,,,,,,,,,,,,,,,,,
,,,,,,,,,,,,,,,,,,,,,,,,,,,,,,,,,
,W4x,6,AUS,Empacher,C40,Carbon wing,Stern,Yes,1,159.0,,Croker,S39,Soft,288,88,200,Smoothie,44,22,No,12.0,,58.0,40.0,17.0,16.0,,17.0,4.0,4.0,,
,AUS,,,,,,,,2,159.0,,Croker,S39,Soft,288,88,200,Smoothie,44,22,No,12.0,,61.0,41.0,19.0,18.0,,17.0,4.0,4.0,,
,,,,,,,,,3,159.0,,Croker,S39,Soft,288,88,200,Smoothie,44,22,No,12.0,,55.0,41.0,18.0,17.0,,17.0,4.0,4.0,,
,,,,,,,,,4,159.0,,Croker,S39,Soft,288,88,200,Smoothie,44,22,No,12.0,,59.0,43.0,17.0,16.0,,18.0,4.0,4.0,,
,,,,,,,,,,,,,,,,,,,,,,,,,,,,,,,,,
,,,,,,,,,,,,,,,,,,,,,,,,,,,,,,,,,
,W4x,7,CHN,Empacher,X40,Carbon wing,Bow,No,1,159.0,,C2,Skinny,Med,288,87.5,200.5,SM2P,46,21.5,No,17.0,33.0,,42.0,18.0,16.5,,15.5,5.0,4.0,,
,CHN,,,,,,,,2,159.0,,C2,Skinny,Med,288,87.5,200.5,SM2P,46,21.5,No,16.0,32.0,,42.0,19.0,17.0,,16.5,4.0,4.0,,
,,,,,,,,,3,159.0,,C2,Skinny,Med,288,87.5,200.5,SM2P,46,21.5,No,15.0,33.0,,42.0,18.5,17.5,,16.0,4.0,4.0,,
,,,,,,,,,4,159.0,,C2,Skinny,Med,288,87.5,200.5,SM2P,46,21.5,No,14.0,33.0,,42.0,17.0,15.0,,16.0,4.0,4.0,,
,,,,,,,,,,,,,,,,,,,,,,,,,,,,,,,,,
,,,,,,,,,,,,,,,,,,,,,,,,,,,,,,,,,
,W4x,8,UKR,Hudson,S4.21,Carbon Wing,Bow,Yes,1,158.0,,Braca,Ultralight,"CM4,D",287,87.5,199.5,DWB Spec,45,21,No,20.5,35.5,,38.5,17.0,15.0,,22.0,4.0,3.2,,
,UKR,,,,,,,,2,158.0,,Empacher,Ultralight,"CM4,D",287,88,199,DWB Spec,45,21,No,19.5,35.5,,37.7,17.0,16.0,,18.0,4.5,3.2,,
,,,,,,,,,3,158.0,,Empacher,Ultralight,"CM4,D",287,88,199,DWB Spec,45,21,No,19.0,33.0,,38.0,17.5,16.0,,20.5,5.5,3.5,,
,,,,,,,,,4,158.0,,Empacher,Ultralight,"CM4,D",287,88,199,DWB Spec,45,21,No,19.0,29.5,,38.8,16.0,15.0,,20.0,4.6,4.3,,
,,,,,,,,,,,,,,,,,,,,,,,,,,,,,,,,,
,,,,,,,,,,,,,,,,,,,,,,,,,,,,,,,,,
,,,,,,,,,,,,,,,,,,,,,,,,,,,,,,,,,
,W4x,9,FRA,Empacher,C40,Carbon Wing,Stern,Yes,1,159.0,,C2,Skinny,Soft,288,88,200,SM2P,46,21.5,No,16.5,34.5,,42.8,16.0,15.0,,19.0,5.2,6.5,,
,FRA,,,,,,,,2,159.0,,C2,Skinny,Soft,288,88,200,SM2P,46,21.5,No,16.0,36.5,,42.0,17.0,15.0,,21.0,5.3,5.4,,
,,,,,,,,,3,159.0,,C2,Skinny,Soft,288,88,200,SM2P,46,21.5,No,17.0,35.0,,45.2,17.0,16.0,,19.5,4.8,6.0,,
,,,,,,,,,4,159.0,,C2,Skinny,Soft,288,88,200,SM2P,46,21.5,No,15.0,37.0,,45.0,15.0,14.0,,19.0,6.9,6.6,,
,,,,,,,,,,,,,,,,,,,,,,,,,,,,,,,,,
O,M8+,1,GER,Empacher,C86,Carbon wing,Stern,Yes,1,,82.5,C2,Skinny,Med,377,112.5,264.5,SM2P,53.5,25.3,No,,,,,,,16-18,,,,9.0,
,GER,,,,,,,,2,,82.5,C2,Skinny,Med,377,112.5,264.5,SM2P,53.5,25.3,No,,,,,,,16-18,,,,8.0,
,,,,,,,,,3,,82.5,C2,Skinny,Med,377,112.5,264.5,SM2P,53.5,25.3,No,,,,,,,16-18,,,,9.0,
,,,,,,,,,4,,82.5,C2,Skinny,Med,377,112.5,264.5,SM2P,53.5,25.3,No,,,,,,,16-18,,,,9.0,
,,,,,,,,,5,,82.5,C2,Skinny,Med,377,112.5,264.5,SM2P,53.5,25.3,No,,,,,,,16-18,,,,9.0,
,,,,,,,,,6,,82.5,C2,Skinny,Med,377,112.5,264.5,SM2P,53.5,25.3,No,,,,,,,16-18,,,,8.0,
,,,,,,,,,7,,82.5,C2,Skinny,Med,377,112.5,264.5,SM2P,53.5,25.3,No,,,,,,,16-18,,,,9.0,
,,,,,,,,,8,,82.5,C2,Skinny,Med,377,112.5,264.5,SM2P,53.5,25.3,No,,,,,,,16-18,,,,8.0,
,,,,,,,,,,,,,,,,,,,,,,,,,,,,,,,,,
O,M8+,2,USA,Empacher,R86,Alum wing,Stern,Yes,1,,83.0,C2,Skinny2,Med,376,113,263,SM2P,53.5,25.3,No,,,,,,,,,,,,
,USA,,,,,,,,2,,83.0,C2,Skinny2,Med,376,113,263,SM2P,53.5,25.3,No,,,,,,,,,,,,
,,,,,,,,,3,,83.0,C2,Skinny2,Med,376,113,263,SM2P,53.5,25.3,No,,,,,,,,,,,,
,,,,,,,,,4,,83.0,C2,Skinny2,Med,376,113,263,SM2P,53.5,25.3,No,,,,,,,,,,,,
,,,,,,,,,5,,83.0,C2,Skinny2,Med,376,113,263,SM2P,53.5,25.3,No,,,,,,,,,,,,
,,,,,,,,,6,,83.0,C2,Skinny2,Med,376,113,263,SM2P,53.5,25.3,No,,,,,,,,,,,,
,,,,,,,,,7,,83.0,C2,Skinny2,Med,376,113,263,SM2P,53.5,25.3,No,,,,,,,,,,,,
,,,,,,,,,8,,83.0,C2,Skinny2,Med,376,113,263,SM2P,53.5,21.5,No,,,,,,,,,,,,
,,,,,,,,,,,,,,,,,,,,,,,,,,,,,,,,,
O,M8+,3,ITA,Filippi,F49,Carbon wing,Stern,Yes,1,,83.5,C2,Standard,,,,,SM2P,53.5,25.3,No,13.0,36.0,,40.8,,,20.5,18.5,,,3.7,
,ITA,,,,,,,,2,,83.5,C2,Standard,,,,,SM2P,53.5,25.3,No,16.5,38.0,,43.6,,,20.0,20.0,,,3.4,
,,,,,,,,,3,,83.5,C2,Standard,,,,,SM2P,53.5,25.3,No,17.0,37.0,,43.2,,,18.5,19.0,,,4.5,
,,,,,,,,,4,,83.5,C2,Standard,,,,,SM2P,53.5,25.3,No,14.0,40.0,,42.0,,,20.5,18.0,,,4.0,
,,,,,,,,,5,,83.5,C2,Standard,,,,,SM2P,53.5,25.3,No,13.5,39.0,,42.8,,,20.0,21.0,,,3.6,
,,,,,,,,,6,,83.5,C2,Standard,,,,,SM2P,53.5,25.3,No,14.5,37.0,,42.5,,,20.0,19.5,,,5.1,
,,,,,,,,,7,,83.5,C2,Standard,,,,,SM2P,53.5,25.3,No,16.0,39.5,,42.7,,,19.5,19.5,,,3.9,
,,,,,,,,,8,,83.5,C2,Standard,,,,,SM2P,53.5,21.5,No,15.5,36.0,,42.5,,,17.5,20.0,,,3.3,
,,,,,,,,,,,,,,,,,,,,,,,,,,,,,,,,,
,M8+,4,NED,Empacher,C86,Carbon wing,Stern,Yes,1,,84.0,C2,Skinny,Med,377,114,263,SM2P,53.5,25.3,No,,,,43.0,,,19.0,,,,5.0,
,NED,,,,,,,,2,,84.0,C2,Skinny,Med,377,114,263,SM2P,53.5,25.3,No,,,,43.0,,,19.0,,,,5.0,
,,,,,,,,,3,,83.5,C2,Skinny,Med,377,113.5,263.5,SM2P,53.5,25.3,No,,,,43.0,,,20.0,,,,5.0,
,,,,,,,,,4,,83.5,C2,Skinny,Med,377,113.5,263.5,SM2P,53.5,25.3,No,,,,43.0,,,20.0,,,,5.0,
,,,,,,,,,5,,84.0,C2,Skinny,Med,377,113.5,263.5,SM2P,53.5,25.3,No,,,,43.0,,,21.0,,,,5.0,
,,,,,,,,,6,,84.0,C2,Skinny,Med,377,114,263,SM2P,53.5,25.3,No,,,,43.0,,,21.0,,,,5.0,
,,,,,,,,,7,,84.0,C2,Skinny,Med,377,114,263,SM2P,53.5,25.3,No,,,,43.0,,,20.0,,,,5.0,
,,,,,,,,,8,,83.0,C2,Skinny,Med,377,114,263,SM2P,53.5,21.5,No,,,,43.0,,,19.0,,,,5.0,
,,,,,,,,,,,,,,,,,,,,,,,,,,,,,,,,,
,M8+,5,ROU,Filippi,X,Carbon wing,Stern,Yes,1,,83.5,C2,Skinny,Med,376,113.5,262.5,SM2P,53.5,25.3,No,15.0,35.0,,42.0,,,18.5,18.0,,,4.0,
,ROU,,,,,,,,2,,84.0,C2,Skinny,Med,375,113,262,SM2P,53.5,25.3,No,15.0,38.0,,40.0,,,19.5,19.0,,,4.0,
,,,,,,,,,3,,83.5,C2,Skinny,Med,376,113.5,262.5,SM2P,53.5,25.3,No,15.0,38.0,,43.0,,,19.0,18.0,,,4.0,
,,,,,,,,,4,,83.5,C2,Skinny,Med,376,113.5,262.5,SM2P,53.5,25.3,No,15.0,39.0,,40.0,,,20.0,20.0,,,4.0,
,,,,,,,,,5,,83.5,C2,Skinny,Med,376,113.5,262.5,SM2P,53.5,25.3,No,15.0,0.0,,38.0,,,21.0,21.0,,,4.0,
,,,,,,,,,6,,83.5,C2,Skinny,Med,376,113.5,262.5,SM2P,53.5,25.3,No,17.0,36.0,,40.0,,,19.0,18.0,,,4.0,
,,,,,,,,,7,,84.0,C2,Skinny,Med,376,113.5,262.5,SM2P,53.5,25.3,No,13.0,39.0,,38.0,,,21.0,22.0,,,4.0,
,,,,,,,,,8,,83.5,C2,Skinny,Med,376,113.5,262.5,SM2P,53.5,21.5,No,18.0,40.0,,40.0,,,18.0,19.0,,,4.0,
,,,,,,,,,,,,,,,,,,,,,,,,,,,,,,,,,
,M8+,6,NZL,Filippi,F49,Alum wing,Stern,Yes,1,,83.0,C2,,Med,376,113.5,262.5,SM2P,53.5,25.3,No,,,58.0,42.0,,,18.0,20.0,,,,
,NZL,,,,,,,,2,,83.0,C2,,Med,376,113.5,262.5,SM2P,53.5,25.3,No,,,58.0,42.0,,,18.0,20.0,,,4.0,
,,,,,,,,,3,,83.0,C2,,Med,376,113.5,262.5,SM2P,53.5,25.3,No,,,58.0,42.0,,,18.0,20.0,,,4.0,
,,,,,,,,,4,,83.0,C2,,Med,376,113.5,262.5,SM2P,53.5,25.3,No,,,62.0,42.0,,,18.0,20.0,,,4.0,
,,,,,,,,,5,,83.0,C2,,Med,376,113.5,262.5,SM2P,53.5,25.3,No,,,62.0,42.0,,,18.0,20.0,,,4.0,
,,,,,,,,,6,,83.0,C2,,Med,376,113.5,262.5,SM2P,53.5,25.3,No,,,62.0,42.0,,,18.0,20.0,,,4.0,
,,,,,,,,,7,,83.0,C2,,Med,376,113.5,262.5,SM2P,53.5,25.3,No,,,58.0,42.0,,,18.0,20.0,,,4.0,
,,,,,,,,,8,,83.0,C2,,Med,376,113.5,262.5,SM2P,53.5,21.5,No,,,58.0,42.0,,,18.0,20.0,,,4.0,
,,,,,,,,,,,,,,,,,,,,,,,,,,,,,,,,,
,M8+,7,GBR,Empacher,C86,Carbon wing,Stern,Yes,1,,83.0,C2,Skinny,Med,377,114,263,SM2P,53.5,25.3,No,18.0,31.0,,43.0,,,18.0,18.0,,,5.0,
,GBR,,,,,,,,2,,83.0,C2,Skinny,Med,377,110.5,266.5,SM2P,53.5,25.3,No,16.0,32.0,,43.0,,,17.5,19.0,,,5.6,
,,,,,,,,,3,,83.0,C2,Skinny,Med,377,114,263,SM2P,53.5,25.3,No,19.0,34.0,,43.0,,,18.5,17.0,,,6.0,
,,,,,,,,,4,,83.0,C2,Skinny,Med,377,114,263,SM2P,53.5,25.3,No,17.0,34.0,,43.0,,,17.5,21.0,,,6.0,
,,,,,,,,,5,,83.0,C2,Skinny,Med,377,114,263,SM2P,53.5,25.3,No,17.0,32.0,,40.6,,,18.5,19.0,,,5.9,
,,,,,,,,,6,,83.0,C2,Skinny,Med,377,114,263,SM2P,53.5,25.3,No,20.0,35.0,,42.0,,,17.5,19.5,,,6.5,
,,,,,,,,,7,,83.0,C2,Skinny,Med,377,114,263,SM2P,53.5,25.3,No,17.0,32.0,,43.0,,,18.5,18.0,,,5.9,
,,,,,,,,,8,,83.0,C2,Skinny,Med,377,114,263,SM2P,53.5,21.5,No,18.0,28.0,,42.0,,,16.5,20.0,,,5.0,
,,,,,,,,,,,,,,,,,,,,,,,,,,,,,,,,,
,,,,,,,,,,,,,,,,,,,,,,,,,,,,,,,,,
,M8+,8,AUS,Empacher,C86,Carbon wing,Stern,Yes,1,,,C2,,,377,114,263,SM2P,53.5,25.3,No,17.5,,61.0,42.0,,,18.0,19.0,,,3.0,
,AUS,,,,,,,,2,,,C2,,,377,114,263,SM2P,53.5,25.3,No,17.5,,66.0,42.0,,,18.5,18.0,,,3.0,
,,,,,,,,,3,,,C2,,,377,114,263,SM2P,53.5,25.3,No,17.5,,60.0,42.0,,,18.0,18.5,,,3.0,
,,,,,,,,,4,,,C2,,,377,114,263,SM2P,53.5,25.3,No,17.5,,63.0,42.0,,,19.0,19.5,,,3.0,
,,,,,,,,,5,,,C2,,,377,114,263,SM2P,53.5,25.3,No,17.5,,60.0,42.0,,,18.5,19.0,,,3.0,
,,,,,,,,,6,,,C2,,,377,114,263,SM2P,53.5,25.3,No,17.5,,66.0,42.0,,,18.0,18.5,,,3.0,
,,,,,,,,,7,,,C2,,,377,114,263,SM2P,53.5,25.3,No,17.5,,67.0,42.0,,,19.0,20.0,,,3.0,
,,,,,,,,,8,,,C2,,,377,114,263,SM2P,53.5,21.5,No,17.5,,64.0,42.0,,,17.5,19.5,,,3.0,
,,,,,,,,,,,,,,,,,,,,,,,,,,,,,,,,,
,,,,,,,,,,,,,,,,,,,,,,,,,,,,,,,,,
,M8+,9,UKR,Hudson,USP,Carbon wing,Stern,Yes,1,,84.0,C2,Skinny,Med,376,114,262,SM2P,53.5,25.3,No,23.0,37.0,58.0,41.5,,,18.5,19.0,,,,
,UKR,,,,,,,,2,,84.0,C2,Skinny,Med,376,114,262,SM2P,53.5,25.3,No,20.0,33.0,58.0,42.0,,,18.5,18.5,,,5.0,
,,,,,,,,,3,,84.0,C2,Skinny,Med,376,114,262,SM2P,53.5,25.3,No,23.0,40.0,58.0,41.5,,,18.5,18.0,,,5.0,
,,,,,,,,,4,,84.0,C2,Skinny,Med,376,114,262,SM2P,53.5,25.3,No,24.0,39.0,62.0,45.0,,,19.5,19.5,,,5.0,
,,,,,,,,,5,,84.0,C2,Skinny,Med,376,114,262,SM2P,53.5,25.3,No,27.0,43.0,62.0,42.5,,,19.0,21.0,,,5.0,
,,,,,,,,,6,,84.0,C2,Skinny,Med,376,114,262,SM2P,53.5,25.3,No,36.0,44.0,62.0,45.0,,,17.0,19.0,,,6.0,
,,,,,,,,,7,,84.0,C2,Skinny,Med,376,114,262,SM2P,53.5,25.3,No,25.0,39.0,58.0,42.0,,,18.5,21.5,,,5.0,
,,,,,,,,,8,,84.0,C2,Skinny,Med,376,114,262,SM2P,53.5,21.5,No,20.0,36.0,58.0,42.0,,,18.0,21.0,,,5.0,
,,,,,,,,,,,,,,,,,,,,,,,,,,,,,,,,,
,,,,,,,,,,,,,,,,,,,,,,,,,,,,,,,,,
,M8+,10,POL,Empacher,C86,Carbon wing,Stern,Yes,1,,82.5,C2,Skinny,Med,378,112.5,265.5,SM2P,53.5,25.3,No,13.5,40.0,,43.9,,,20.5,19.0,,,5.9,
,POL,,,,,,,,2,,82.5,C2,Skinny,Med,378,112.5,265.5,SM2P,53.5,25.3,No,13.5,44.0,,42.4,,,19.0,21.0,,,4.7,
,,,,,,,,,3,,82.5,C2,Skinny,Med,378,112.5,265.5,SM2P,53.5,25.3,No,13.5,45.5,,43.3,,,20.5,20.5,,,5.0,
,,,,,,,,,4,,82.5,C2,Skinny,Med,378,112.5,265.5,SM2P,53.5,25.3,No,16.5,40.0,,42.5,,,20.5,17.5,,,5.6,
,,,,,,,,,5,,82.5,C2,Skinny,Med,378,112.5,265.5,SM2P,53.5,25.3,No,18.0,43.0,,42.0,,,20.5,18.0,,,5.4,
,,,,,,,,,6,,82.5,C2,Skinny,Med,378,112.5,265.5,SM2P,53.5,25.3,No,15.0,43.5,,42.9,,,20.5,20.0,,,5.1,
,,,,,,,,,7,,83.0,C2,Skinny,Med,378,112.5,265.5,SM2P,53.5,25.3,No,16.0,37.0,,42.0,,,20.5,19.5,,,4.8,
,,,,,,,,,8,,83.0,C2,Skinny,Med,378,112.5,265.5,SM2P,53.5,21.5,No,17.5,43.0,,42.8,,,20.5,18.0,,,5.4,
,,,,,,,,,,,,,,,,,,,,,,,,,,,,,,,,,
,,,,,,,,,,,,,,,,,,,,,,,,,,,,,,,,,
,M8+,11,RUS,Filippi,F41,Carbon wing,Stern,Yes,1,,84.0,C2,Skinny,Stiff,376,114,262,SM2P,53.5,25.3,No,15.0,35.0,,40.0,,,18.5,19.5,,,5.0,
,RUS,,,,,,,,2,,84.0,C2,Skinny,Stiff,376,114,262,SM2P,53.5,25.3,No,15.0,35.0,,40.0,,,18.0,18.5,,,6.0,
,,,,,,,,,3,,84.0,C2,Skinny,Stiff,376,114,262,SM2P,53.5,25.3,No,15.0,35.0,,43.0,,,18.0,20.5,,,5.0,
,,,,,,,,,4,,84.0,C2,Skinny,Stiff,376,114,262,SM2P,53.5,25.3,No,15.0,35.0,,40.0,,,19.0,19.0,,,4.0,
,,,,,,,,,5,,84.0,C2,Skinny,Stiff,376,114,262,SM2P,53.5,25.3,No,14.0,33.0,,40.0,,,18.5,18.5,,,5.0,
,,,,,,,,,6,,84.0,C2,Skinny,Stiff,376,114,262,SM2P,53.5,25.3,No,14.0,33.5,,43.0,,,19.0,20.5,,,4.0,
,,,,,,,,,7,,84.0,C2,Skinny,Stiff,376,114,262,SM2P,53.5,25.3,No,15.0,38.0,,41.0,,,19.0,19.5,,,4.0,
,,,,,,,,,8,,84.0,C2,Skinny,Stiff,376,114,262,SM2P,53.5,21.5,No,15.0,37.0,,42.0,,,19.0,19.0,,,4.0,
,,,,,,,,,,,,,,,,,,,,,,,,,,,,,,,,,
,,,,,,,,,,,,,,,,,,,,,,,,,,,,,,,,,
,M8+,12,CHN,Filippi,F41,Carbon wing,Stern,Yes,1,,84.0,C2,,Med,377,114,263,SM2P,53.5,25.3,No,15.0,36.0,,42.0,,,20.0,19.5,,,6.0,
,CHN,,,,,,,,2,,83.5,C2,,Med,377,114,263,SM2P,53.5,25.3,No,18.0,39.0,,41.0,,,20.0,19.5,,,5.0,
,,,,,,,,,3,,84.0,C2,,Med,377,114,263,SM2P,53.5,25.3,No,20.0,37.0,,42.0,,,20.0,20.5,,,6.0,
,,,,,,,,,4,,84.0,C2,,Med,377,114,263,SM2P,53.5,25.3,No,20.0,42.0,,41.0,,,20.5,19.5,,,5.0,
,,,,,,,,,5,,84.0,C2,,Med,377,114,263,SM2P,53.5,25.3,No,17.0,38.0,,42.0,,,20.5,20.0,,,6.0,
,,,,,,,,,6,,84.0,C2,,Med,377,114,263,SM2P,53.5,25.3,No,21.0,39.0,,42.0,,,20.0,20.0,,,6.0,
,,,,,,,,,7,,84.0,C2,,Med,377,114,263,SM2P,53.5,25.3,No,17.0,39.0,,41.0,,,20.0,19.0,,,6.0,
,,,,,,,,,8,,84.0,C2,,Med,377,114,263,SM2P,53.5,21.5,No,19.0,39.0,,42.0,,,21.5,20.0,,,5.0,